ID,translation
1,سُہ ٲس اَکھ حقیقی بصارت پسند۔
2,بہٕ چھُس پریُتھ دۄہ پننِس سکوٗل گژھان۔
3,توہِہ چھُوِ وقت ضائع کرن وَٲلِہ۔
4,تٔمۍ اوس سُہ پنٕنۍ جوش و خروش سٍتۍ متٲثر کورمُت۔
5,کٲنسِہ چھُ نٕہ زانکٲری زِ سُہ کتِہ ٤ آو۔
6,یِم چھِ اِنسٲنی فطرتُک کینہہ حقیقت۔
7,تِم گژھن رُجحان دار تہٕ یِمن آسن حقیقی مقصد۔
8,تہُۍ کِتھٕ کٔنۍ ہیکو أمِس یِتھٕ کٔنۍ ژلنہٕ دِتھ؟
9,یہِ چھُ مسک تالہٕ۔
10,أمِس چھُ عظیم اقدار۔
11,سۄ ٲس گلابی کیپس منٛز خوٗبصوٗرت وُچھنہٕ یِوان۔
12,أمِس چھُ اکھ کمرٕ یَتھ منز اَکھ بیٖڈ چھُ۔
13,ساروی کھۄتہٕ نزدیک پوسٹ آفس کتہِ چھُ؟
14,أمۍ سٕندِس کمرس منز اوس وٹرائن خوبصورت۔
15,بہٕ چھُس تۄہہِ یقین دہٲنی دِوان زِ کٔٲم گژھِ کرنہٕ یِوان۔
16,یہ قاعدہ چھُنہٕ وۄنۍ عملس منٛز۔
17,زنانن ہٕندِآن مسلن پٲٹھ سون سوچ تازہ کرنُک چھُ یہِ صحیح وقت۔
18,اغوا کارو کٔر أمہِ سٕندِس خاندانس نِش ₹1> تراوان۔
19,سٹرک چُھ حرکت کرن شروع کران۔
20,شہرس منز اوس تس اکھ فوج۔
21,سۄ چھےٚ پانٛژھ فُٹ تھوٚد۔
22,مےٚ کٔر میچ زیننہٕ خٕٲطرٕ پننہِ سطحٕچ بہتٔریٖن کوٗشش۔
23,سۄ ٲس نہٕ یُن یژھان۔
24,كمبہٕ جاداد آو تقسیٖمس منٛز دِنہٕ۔
25,تٔمۍ سٕنٛز منسٹر چھِ صحیح پٔٲٹھۍ کران، سۄ چھےٚ مُستقبِلٕچ مُلکہٕ۔
26,ڈاکٹرو كور تٔمۍ سُند مِثانٕہ کٔڑِتھ۔
27,سۄ چھےٚ گُرس سۭتۍ بے رحمی سان برتاو کران۔
28,سُہ ووت شہرٕ پیٹھٕہ۔
29,تٔمۍ سُند کردار اوس مضحکہٕ خیز تہٕ تیز۔
30,طٲلبہِ عٔلِمو چھُ ہاسٹل خٲلی کرُن۔
31,تٔمۍ كور أکِس اولادس سوٗر یُس نٔر اوس۔
32,أمِس چھُ اکھ بہترین سوئنگ۔
33,دُشواری ہُنٛد سراغ لگاوَن وول چھُنہٕ مسلُک تعین کٔرِتھ۔
34,سُہ چھُ جنگلس منز اژنٕہ برونہہ وسیع وتِہ پار کران۔
35,آتش فشاں سرگرمی ہٕندۍ چھِ پانژھ بٔڑۍ قٕسم۔
36,سُہ چھُ پنٕنۍ کتھ ثٲبت کرنٕچ کوٗشش کران۔
37,مہربٲنی کٔرتھ تھٔزیو پنُن بٲتھ روٗم صحت مند۔
38,سکوٗل گژھنہٕ برونٛہہ کٔرِو پننآن بوٗٹن اصل پٔٲٹھۍ پٲلش۔
39,تِمن پَزِ گۄڈٕ زخمن پَتٹھ پلو لگاوُن۔
40,أمۍ سٕنٛزِ سارِوٕے کھۄتہٕ بٔڑ طاقت چھےٚ أمۍ سٕنٛز اِدراک۔
41,مےٚ چھُ حُکامن سۭتۍ گَرٕ پیٚٹھٕ کٔٲم کرنہٕ خٕٲطرٕ اَکھ اِنتِظام کوٚرمُت۔
42,وُنکینس چُھ سُہ بیرونی مُلکن منز کٔٲم کران۔
43,كینہ كرو صحیح طریقہ۔
44,اتھ لڑکہس کرو نہٕ سوٗبی۔
45,بہٕ گوس نہٕ بوزنِتھ زِ تِم کیا چھِ ونان تکیازِ تِم ٲسۍ وُچھان۔
46,تِمو کٔرۍ پنٕنۍ مُطالبہٕ زور شورٕ سان پیش۔
47,فِلمہِ ہِنٛز آواز تہٕ تصویٖر گژھِ ہم آہنگ آسنٕچ ضروٗرت۔
48,تٔمۍ سُنٛد رنگ چھُ سفید۔
49,اَسہِ میوٗل باغس منٛز اکھ کٔچھِو۔
50,أسۍ چھِ أکِس خوبصورت ولا ہس منٛز روزان۔
51,بہٕ گوس نہٕ صرف مایوس، بہٕ گوس پوٗرٕ پٔٲٹھۍ تباہ۔
52,تٔمۍ کوٚر بحرانُک اصل پٔٲٹھۍ مُقابلہٕ۔
53,اسِہ ہاکِہ اضٲفی سامان تٕہ نِنُک ضرورت پیتھ۔
54,مےٚ چھُ اکھ شاندار خیال۔
55,پینس کرو تیلہِ سٍتۍ چسپاں۔
56,گامٕکۍ لُکھ ٔزٔسۍ رہنما سٕندِس آمدس پیٹھ خوش۔
57,کینژن چُھ فکرِ زِ ٹیکسس منز اضافہٕ سٕتۍ گژھِ معیشت کمزور۔
58,یِم سٲری چھِ واریاہ غریٖب۔
59,آبُک بہاؤ کنٹرول کرنہٕ خٕٲطرٕ آو دٔریاوس أندۍ پٔکۍ اکھ وایر بناونہٕ۔
60,تمٔۍ سٕنز موج ٲس أمِس پیٹھ نظر تھاوان۔
61,فوجس خُٲطرٕ اوس أکِس پختہٕ دُشمنس سۭتۍ لڑُن مُشکل۔
62,شُرۍ چھِ كمبس منز پوشن ہِش آسان۔
63,شہزاد ایڈورڈ سُند خاندر اوس ساسہٕ بٔدۍ لوٗکو وُچھمُت۔
64,گَرٕک فرش چھِ صاف تھاونہٕ یِوان۔
65,تٔمۍ دِژ ڈرایورس گاڑِ ہٕنٛزٕ پونسہٕ۔
66,مےٚ چھےٚ آن لائن لائبریری تام رسٲیی۔
67,فوجن کورمُت راتہٕ دریاو پارٕ۔
68,اُستاد سُند بیان اوس شرارتس منز۔
69,یِہ نوو چپکنٕہ وول ہِیکِہ دھاتٕہ شیٖشِہ سٍتۍ جوٗڑِتھ۔
70,أمِس میوٗل جادو شو خُٲطرٕ مُفت ٹکٹ۔
71,سُہ چھُ اَکھ اصٕل بولُر۔
72,سُہ اوس صبحہٕ پیٹھہٕ شامس تام کٲم کران۔
73,کِتابہٕ چھےٚ پرنٹِنگ پریسس منٛز پرنٹ کرنہٕ یِوان۔
74,سُہ چھُ تِہُنٛد اعتماد تٕہ اِستقامت پسند کران۔
75,بہٕ گوس پننِس امتحٲنی نتیجس سۭتۍ واریاہ مایوس۔
76,خوش قسمتی سان روٗد موسم اصل۔
77,تَس چھُ موسیقی ہُند شوق۔
78,سُہ چھُ پارٹی ہُند وفادار حٲمل۔
79,یہِ چھُ توقع کرنہٕ یِوان زِ سۄ کرِ اتھ جایہِ کنہِ ساتہٕ دوٗر۔
80,تہنز ناو دراو دریاوس منز۔
81,تہُۍ کیاہ چھُوٕ ونان سُہ تھٔٲوو محتاط تکیازِ سُہ چھُ دل دِنہٕ وول۔
82,سُہ چھُ امِہ علاقُک مٲلِک، لہاذا چھُ پریتھ أکِس أمۍ سٕنز اطاعت کرنٕہ۔
83,تٔمۍ سُند پوشاک چھُ کُنِہ حدس تام تھریڈ بیئر۔
84,تٔمۍ کور گریجویشنس منز آرٹس بطورِ کورُس۔
85,میٲنس گُلس اوس خشُک لہاذا ہیوت مے آبُک چھپ۔
86,یِہ چھُ جھوٹ بولنُک فن۔
87,خوشگوار یاداشتہٕ چُھ زیادٕ وقتہٕ زندٕ روزان۔
88,ڈاکٹر ووت مقررہ وقتس پیٹھ۔
89,سٲنۍ وُٲحد فِکر چھِ شُرین ہٕنز فلاح و بہبود۔
90,سپاہن آو مشقیہ خُٲطرٕ زمینس پیٹھ موجود روزنہٕ خٕٲطرٕ وننہٕ۔
91,سُہ چھُ زیادٕ کھوتٕہ زیادٕ منافٕہ کماوُن یژھان۔
92,تِمو کٔر ژلن واجیٚنۍ چھت ژھننٕچ کوٗشش۔
93,تٔمۍ کوٚر پننین جذباتن ہُنٛد اِظہار واریاہ واضح پٔٲٹھۍ۔
94,مے تھٲوو زورٕ سان۔
95,مے چھُ پننِس پٲکِس منز وُہ پاونڈٕ۔
96,آل انڈیا اورینٹل کانفرنس چھِ جُٲری۔
97,یِمن دۄن واقعاتن درمیان چھنہٕ کانٛہہ تعلق۔
98,فرش كور مِثال۔
99,بہٕ چھُس پریتھ دۄہ سکوٗل گژھان۔
100,ناقدینن وُچھ کِتابِہ تٕہ کورُن جُلیز۔
101,یہِ چھُ اَز مُسلمانن خٕٲطرٕ اکھ تہوار۔
102,اسہِ چھِ کینہہ خام تیٖلٕچ ضرورت۔
103,أسۍ چھِ أمِس یقین دِوان۔
104,یم تہُۍ منگان چھِو تمن پیٹھ کرو عمل۔
105,وُچھنہٕ چُھ یوان زِ تم چِھ کینہہ کالہٕ پیٹھہٕ شہر ترٛٲومٕتہِ۔
106,چور اوس پُلیسو أندۍ پٔکۍ۔
107,تٔمۍ کٔر کالجس منز الہیاتٕچ تعلیم حٲصل۔
108,یِمن سنتراجن چھُ قدرتی متھ آسان۔
109,تٔمۍ دِیُت اَسہِ اکھ روشُن خیال۔
110,پرژُھ چُھ کلس پیٹھ بٔٲتھ گؠوان۔
111,پوسٹ آفس چُھ اتہِ پیٹھہٕ کتھ حدس تام دور؟
112,اَتھ تنظیٖمس سۭتۍ گٔیہِ أمہِ سُنٛد ربطہٕ کمزوٗر۔
113,سُہ چھُ اتھ عمارتس منز چوکیدار۔
114,کنٹرول پینلس منٛز کٔمی آسنہٕ کِنۍ چھِ ہوٲئی جہازس بیچس منٛز لینڈنگ کرنہٕ آسان۔
115,ہسپتالَس منٛز روزنَس دوران چھِ شُرین ہیٚچھناونہٕ خٕلطرٕ اکھ اُستاد آسان۔
116,گُس اوس اولہِ۔
117,الماری منز چھُ سفید چیونٹی آسان۔
118,تِمو نیوٗ ٹرٲلی پیٚٹھ كمبس منٛز ناشتہٕ۔
119,یِتھؠن افواہن پیٹھ یقین کرُن آسہِ بے وقوفی۔
120,تمٔۍ وُچھ چڑیا گھرس منز اکھ ہرُن۔
121,بہٕ ہاکا تہُند بیگ نِتھ، میڈم؟
122,سُہ اوس تھُکمُت تٕہ پریشان۔
123,تمہِ چھُ پنُن پان خوفس منز ترٲومُت۔
124,یوم جمہوریہ دوہ آو نارٕ چلاونُك نمٲیش كرنہٕ۔
125,فِکرِ كریوٛ نہٕ، پریتھ چیز آسہِ ٹھیٖک۔
126,أمِس کتہِ پٔؠٹھ میوٗل یہِ بیرو؟
127,مکانس أندۍ پٔکۍ چھِ کُلۍ کٔٹۍ۔
128,خراب صحت ہیٚکہِ کامیٲبی منٛز رُکاوٹ ٲسِتھ۔
129,گریڈ بی تہٕ اَمہِ کھۄتہٕ زیادٕ چھُ تسلی بخش ماننہٕ یِوان۔
130,سُہ چھُ پریتھ أکِس طرفہٕ أمہِ سٕنزِ بے شکرگی خٕلطرٕ ناپسند کرنہٕ یِوان۔
131,تٔمۍ ہیوٚت پننِس زینہِ دۄہ فینسی۔
132,یِمن گاڑین ہٕنٛدِ کوچ چھُ کٲفی حفاضتی۔
133,سۄ چھےٚ ہمیشہِ أمِس سۭتۍ بٔڑِس آوازس منٛز کتھ کران۔
134,بہٕ کِتھٕ کٔنۍ ہاکہِ ایر فیلڈس تام وٲتِتھ۔
135,سٹیشنس نزدیٖک گٔیہِ ٹرینہِ ہٕنٛدِس رفتارس منٛز کٔمی۔
136,کمہِ قسمُک نٔٹ چھوٕ گاڑِ ریلوے ٹریکس پیٹھ تراوان؟
137,مے چھِ تِہٕنٛز ٹای پسند۔
138,سۄ ہاکہِ کنہِ تہِ دۄہ ؤلِتھ۔
139,سُہ چُھ فرمس منز سینئر عہدس پیٹھ فٲئز۔
140,نزدیک أکِس کنہِ أندٕ پٔکھۍ ٲس اکھ رٔزۍ بننہِ آمٕژ۔
141,اَسہِ چھُ پٔتمہِ اَکہِ دٔہلہِ ہُنٛد سالانہٕ رپورٹ وُچھنُک ضروٗرت۔
142,تِمو دیُت سُہ أکِس گاڑِ کِس پٔتِمِس حِصس منٛز۔
143,مندر چھُ پوٗزاہ خٕٲطرٕ اکھ اصل جاے۔
144,کیٛاہ آرٹ میوزیم چھا پرٛؠِتھ دۄہ یلہٕ آسان؟
145,دہشت گردوں ہُنٛد مقصد چھُ لوٗکَن خوفزدہ کرُن۔
146,ژورٲیہِ دۄہ کِس وسیع وصیح روشنی منٛز۔
147,پُلیسن کوٚر مُجرمس مارنہٕ خٕلطرٕ ٹرنچنُک استعمال۔
148,کل؟ن ہٕنزن گؠنین آبٲدی بنٛٲو جھونپٕڑۍ۔
149,پلیسَن کوٚر قتل کِس مقدمٕچ تفصیلات یکجا کرنہٕ خٕٲطرٕ سراغ جمع۔
150,أکۍ رپورٹرن کٔر یہٕ دٔلیٖل بیان۔
151,از کیاہ تٲریخ چھِ؟
152,میٖٲنۍ دوست آو حالٕے ہسپتالہٕ نیٚبر۔
153,کمزورن ہُند شکار کرو نہٕ۔
154,تٔمۍ سٕنٛزِ سارِوٕے کھۄتہٕ بٔڑ خٲصیت ٲس تٔمۍ سُنٛد مددگار فطرت۔
155,سُہ چھُ ساروی کھوتٕہ زیادٕ کریڈٹ وول شخص ماننٕہ یِوان۔
156,أمِس چھِ یقینی طور پونسہِ ہٕنز ضرورت۔
157,أمِس چھُ کمرس پیٹھ كھور۔
158,بٕہ چھُس سمجھان زِ یِہ چھُ کٲفی۔
159,ہِنٛدُستٔٲنہِ ٹیمن کوٚر فاینلس منٛز آسٹریلیٖلی ین سۭتہِ مُقابلہٕ۔
160,کوہ پیماہن چُھ اپنی منزلس تام واتنہٕ خٕٲطرٕ واریاہ زیٹھ پل نُن آسان۔
161,تٔمۍ سُنٛد جواب اوس واریاہ مختصر۔
162,أمِس چھُ اکھ لۄکُٹ ٹھور۔
163,تَس اوس یورپس سٍتۍ أندرونی ناپسند۔
164,سہُ چُھ اکثر پننس خاندانس پیٹھ ظلم کران۔
165,اَمہِ خٕطہٕ پٔنٹھہٕ چھِ سپل پوٗرٕ دُنیاہس منٛز کلنہٕ یِوان۔
166,آبی گُزر چُھ خشک كرنہٕ یوان۔
167,تمام طٔٲلب علمن ہُنٛد مقصد گَژھِ باقیو کھۄتہٕ برۄنٛہہ کھسنہٕ یُن۔
168,اتھ بندوقس چھُ اکھ زیُٹھ بور۔
169,مے چھُ نہٕ یہِ سونچان! تمہِ دیُت شرارتس منز جواب۔
170,ڈاکٹر چُھ پننآن مریضن سٍتۍ واریاہ صبر کران۔
171,مےٚ وُچھ فِلم ویڈیو ٹیپس پیٚٹھ۔
172,أسۍ چھِ تھرمامیٹر سٍتۍ بُخارٕچ پیمٲئش کران۔
173,یِہ ٲس پُلیس تٕہ فوجٕچ اکھ مشترکٕہ کاروٲیی۔
174,میٖٲنۍ ماجہِ کٔر مےٚ صرف یہِ پیشہِ ژارنہٕ خٕلطرٕ حوصلہٕ افضٲیی۔
175,واقعہٕ چھُ لاگ آن كرنٕہ یُن۔
176,تٔمۍ کوٚر تنازع کین تمام مسلن ہُنٛد ٹھنڈ انداز۔
177,اَسہِ چھُ ریٖتہِ خُٲطرٕ کٲفی مقدارس منٛز ضروعات۔
178,پھلن ہٕندۍ قۭمت چھِ جایہِ کُنہِ جایہِ مختلف آسان۔
179,سکوٗلَن دِژ سالانہٕ دۄہ مٔٲلِس ماجہِ دعوت۔
180,تمہِ چھُ تحقیق مُکمل کرنہٕ خٕلطرٕ پنُن پان مقرر کورمُت۔
181,تٔمۍ کٔر تِمن اکھ نیک تہٕ محنت کش نفر قرار۔
182,سُہ چھُ عملی کامین منز بہتر۔
183,سُہ چھُ ؤرُم دار، گِندہ نفر۔
184,فرشس دِیو اکھ جان پوچھُن۔
185,سُہ چھُ پرسنل ڈپارٹمنٹس منز کٲم کران۔
186,بہٕ چھُس پننِس مٲلس وقف۔
187,بہٕ ہیٚکہِ نہٕ ٹیونس منٛز گیوٚنِتھ۔
188,بیس بالس منز چھُ پچر واریاہ اہم کردار ادا کران۔
189,اُستاد ہیٚکو نہٕ تۄہہِ امتحانن منٛز کامیٲبی ہٕنٛز ضمانت دِتھ۔
190,أسۍ كوٚر پننِس فایلس تام سفرُك مزٕ۔
191,تمٔۍ دِتہِ واریاہ زورٕ سان زِ مٕچ۔
192,رٲہب آو دھوکہٕ دُہی كرن وول لبنہٕ۔
193,تٔمۍ کوٚر أمۍ سٕنٛدِ غیر مہذب زبان ہٕنٛدِ استعمالس پیٚٹھ اعتراض۔
194,باقیہ مُلکن منز شُپنگ برونہہ چھِ تیٖل بیرل کرنٕہ یِوان۔
195,مےٚ چھُ اکھ گُلدستہ میلمُت یُس اتھ سۭتۍ بالکل میلان چھُ یُس اَسہِ برونٛہہ کنہِ چھُ۔
196,تِمو کٔرۍ واریاہ گاڑِ جُٲڑۍ۔
197,یہِ چھُ تٔمۍ سُنٛد كمبہٕ تجارت، یُس نسل در نسل منتقل گژھان چھُ۔
198,كار ہینہٕ وِزِ چھِوٕ تُہۍ کم خصوصیت وُچھان۔
199,یِیمِہ ریتِہ کالس منز چھُ سُہ پیرسس منز پننِہ آنٹی نِش گژھان۔
200,تمٔۍ سُند گرٕ چھُ واریاہ بوٚڑ۔
201,چھٹی دیوت اسہِ واشنگٹن گژھنُك موقعہٕ۔
202,ییلہِ سُہ کھڑا گوو أمِس گوو اکھ تُل محسوٗس۔
203,اِدارن منٛز چھِ تعلیٖمی معیار مُختٔلِف۔
204,صحافی چھِ اکھ دِلچسپ نسل۔
205,اُستادن كوٚر لڑکہس كھوٹہٕ۔
206,مریم آیہِ پارٹی منٛز گلٲبی رنگُک پَلس منٛز۔
207,سُہ گوو بطورِ ٹرینین کمپنی منز شُٲمِل۔
208,تِہنٛدِس تعاونس خٕلطرٕ چھُ تشکر یِوان کرنہٕ۔
209,بہٕ چھُس نہٕ یہِ زہر کھیوان۔
210,سُہ چھُ تُٲریخس منز اصل پٔٲٹھۍ مہارت تھاوان۔
211,امِہ معجزٕہ سٍتۍ گوو پرؠتھ کانہہ بٕے کتھ۔
212,توہِہ كتِہ تھوو یِہ کاغذ؟
213,یہِ سسپینس اوس ناقٲبل برداشت۔
214,سپاہن چھُ پوزیشن بدلاونٕہ بغٲر گُٲنٹن کھڑا روزُن۔
215,تٔمۍ سُند مول چھُ اکھ کلرک۔
216,تِم چھِ گامس منز اکھ نوٚو سکوٗل بناوان۔
217,جنگلی حیات محفوظ تھاونہٕ خٕٲطرٕ چھےٚ کوٗشش کرنہٕ یوان۔
218,مٲہی گیرس اوس موسمہٕ سٍتۍ مارنہٕ آمُت بُتھِ۔
219,سُہ چھُ تُٲریخس منز اصل پٔٲٹھۍ مہارت تھاوان۔
220,سُہ چھُ أکِس غریٖب طبقہٕ سۭتۍ تعلق تھاوان۔
221,ایلومینیَم چھُ اکھ مرکب دھات۔
222,تٔمۍ سٕندِس أنجس منز اوس سونُک کوٹنگ۔
223,بہٕ چھُس یژھان ٹرینن ہٕندِس وقتس متعلق پوچھِ گٔچھ کرنہِ۔
224,پائن کُلۍ چھِ ٹھنڈے شمٲلی علاقن منٛز لبنہٕ یِوان تہٕ چھُ فرنیچر بناونہٕ خٕٲطرٕ استعمال یِوان کرنہٕ۔
225,یِہ چھُ اکھ نوو دریافت شُدٕ سیارٕہ۔
226,تاج محل چھُ سنگ مرمرٕ سٍتۍ بناونٕہ آمُت۔
227,میٚٲنۍ موج چھےٚ عموٗمن بوموار دۄہ اکھ خاص پکوان تیار کران۔
228,مہربٲنی کٔرتھ کٔرو پونسہٕ ٹرانسفر۔
229,تمٔۍ كوٚر مےٚ كُن نظر۔
230,تمام نمبر كٔریو جمع۔
231,شرائط چُھ منیجنگ کمیٹی ہنز منظورتی سٕتۍ مشروط۔
232,سُہ کر راتھ تام فٲیلہٕ حٲصل۔
233,مہربٲنی کٔرتھ تھوو پنٕنۍ کھلوُن الگ۔
234,سُہ چھُ مےٚ ناپسند کران، تہٕ اَتھ برعکس۔
235,اتھ نوکریس چھُ عام طور زنانٕہ ترجیح دِوان۔
236,ثبوٗتو ورٕٲیہ ہیکو أسۍ صرف یہِ اندازٕ لگٔٲوِتھ زِ کانہہ اوس غلط۔
237,امِہ کوریڈورُک چوڑ چھُ ٲٹھن فِٹن ہُند۔
238,لیکچرس منز گژھن باقی زِ نکات تجرید کرنہٕ یِنۍ۔
239,تمہِ كوٚر پننِس متعلقس انکار۔
240,تِہٕنٛز کٲم گژھِ ہفتہٕ وار چیک کرنہٕ یِنۍ۔
241,تٔمۍ سٕندِس بُتھِس پَؠٹھ چھُ اکھ اہم ممل۔
242,شہرٕچ ضروریات پوٗرٕ کرنہٕ خٕلطرٕ چھُنہٕ دستیاب بوجھ کٲفی۔
243,بہٕ چھُس نہٕ أمِس ذِٲتی طور زاننہٕ یِوان۔
244,سُہ بڑیو راوٲیتی ماحولس منٛز۔
245,أسۍ چھِ پنداہ موجوٗد۔
246,سُہ اوس اَسہِ انتظار کرنہٕ خٲطرٕ أندۍ پٔکۍ کُن۔
247,بہٕ چھُس خوش۔
248,سُہ اوس چھُٹی ہٕنٛدِس دوٗرِ خٕٲطرٕ پنُن سامان پیک کران۔
249,کانہہ تہِ ہاکہِ گھیٖرس منز پیتھ۔
250,سُہ ووت أندِ پٔکۍ تہٕ گو واپس بس سٹیشنس کُن۔
251,واٹر چیسٹ نٔٹِس چھُ واریاہ کرکرا آسان۔
252,یِم تمام ٹرسٹیشپ آیہِ وارٕ وارٕ جاپٕٲنۍ حکومتس واپس کرنہٕ۔
253,چوکیدارو كور مرد نابر۔
254,تِم چھِ پننٛآن گالن رنٛگ دِنہٕ خٕٲطرٕ سنترُک استعمال کران۔
255,کوہ پیما گوٚو نہٕ چوٹی تام واتنس منٛز ناکام۔
256,پرنہٕ سٍتۍ کٔر تٔمۍ پنٕنۍ الفاظ بہتر۔
257,یِہ چھُ تِہٕنزِ قمیضِہ خٕلطرٕ اکھ اصل رنگ۔
258,بہٕ کرس پاتھ بییہِ کوٗشش۔
259,زنانن چُھ اپنی آزٲدی خٕٲطرٕ لڑُن۔
260,واریہو لوٗکو وُچھ یہِ فِلِم۔
261,میٛون لیپ ٹاپ چھُ میٛانہِ کمپیوٹر کھوتہٕ واریاہ زیادٕ تیزی سان عمل کران۔
262,گاو چھے فارینجائٹس سٍتۍ مُتٲثر۔
263,سٹیڈیم چھُ شہرٕ کِس دورِ شُمٲلی حِصس منز۔
264,کیا توہہ چھا کانہہ کھؠُن یژھان؟
265,میٖٲنِس دوستس چھُ اِنتہٲئی حساس کُن۔
266,فوج آو بطورِ دفٲعی فوج تعینات کرنہٕ۔
267,غٲر مطلوب نتیجٕہ چھِ یِمو غلط افہام و تفہیمو سٍتۍ گژھان۔
268,بہٕ چھُس واریاہ پریشان۔
269,جہاز اوس بندرگاہس کُن جھٔکِتھ۔
270,پلیس چُھ سٲنس معاشرس منز اہم کردار ادا کران۔
271,مے کٔرۍ دستاویزٕچ واریاہ کاپی۔
272,سکوٗلَن منٛز چھِ کمپیوٹر نصابَس منٛز شُٲمِل۔
273,اسہِ چُھ صنعتس منز اختراعاتس حوصلہٕ افضٲیی کرنچٕ ضرورت۔
274,سُہ چھُ اکھ واریاہ کارآمد شخص۔
275,أسس پیٹھ پٔکھۍ پھُٹ اكھ كھور۔
276,توہہِ كریو مے باپت اكھ شراب؟
277,پننین طاقتن تہٕ کمزورین متعلق جانن چُھ اصل۔
278,یہِ چھُ صرف پونسہٕ ہُنٛد ضیاع۔
279,مےٚ چھُ گلٲبی رنگس علاوٕ تقریباً تمام رنگ پسند۔
280,تس آو تحفہٕ واؤچر دِنہِ۔
281,سُہ چھُ اَکھ عقلمند تٕہ ہوشیار اِنسان۔
282,کیا چائے چھا اتھ کھینس منز شُٲمل؟
283,ہونہار طٔزلب علمن ہٕنٛدۍ موٗل موج چُھ ہمیشہٕ تمن پیٹھ فخر محسوس کران۔
284,شُرۍ ٲسۍ اصل برتاو کران۔
285,اگر أسۍ شیٖشہٕ گرم چھِ کران تیٚلہِ چھِ یہِ وۄزُل گژھان۔
286,أمِس چھُ مختلف قٕسمُک پَلو۔
287,تعلقات چِھ اعتمادس پیٹھ بنان۔
288,أسہِ چھُ كھورُن۔
289,توہِہ چھُوِ شُرس خوفزدہ کران۔
290,سُہ چھُ بے حیٲیی۔
291,أسۍ کٔرۍ دَہن ؤرین منٛز دۄیہِ لٹہِ تِمن ہُنٛد دور۔
292,سرجنن ہُند چاقو دراو مریض سٕندِس جسمس منز سرٛنۍ۔
293,مےٚ کٔر أکِس بوٚڑِس نفرس سڑکہِ پارٕ کرنس منٛز مدد۔
294,پرٛٲنۍ مشیٖن درٛاو سخت ییٚلہِ یہِ اکہِ ریٖتہِ کہِ وقفہٕ پتہٕ چلاونہٕ آو۔
295,سُہ آو مےٚ میٖٲنِس دفترس منٛز تجٲرتی تجویٖز ہیٚتھ وُچھنہِ۔
296,تِم چھِ سانین حقوقن پیٹھ كڈان۔
297,مے چھُ پننِس نیچوِس حُسن ناو تھوومُت۔
298,یقینی طور پزِ اسہِ اتھ متعلق کینہہ کرُن؟
299,سُہ اوس ٹیسٹس منز ترییمس نمبرس پیٹھ۔
300,تٔمۍ ووٚن أمِس زِ سامان کتہِ چھِ تھاونہٕ یِوان۔
301,تمٔۍ لگٲو پنُن پان أکِس نٔوِس پَلوس منٛز۔
302,لالچ کرُن چُھ اکھ گناہ۔
303,ٹیلیفونن دیُت اکھ ٹنکل۔
304,تٔمۍ دیُت فوجس طلوع آفتابس حملہٕ کرنُک حکم۔
305,مہمانن ہُند استقبال کرُن چھُ رؠوایت۔
306,تٔمۍ بوٗزۍ میٖٲنۍ افسوسٕچ دٔلیل۔
307,مے رَٲو پنُن پرُس۔
308,تِم وِٲتِہ كھونٕہ وجہ۔
309,سُہ اوس پننِس باس سٕندِ طرفٕہ گٔدی بُلاونٕہ سٍتۍ شرارتس منز۔
310,نَوین طٔزلب علمن ہُند فصل چُھ کارآمد۔
311,أمِس چھُنہٕ وۄنۍ تکلیف گژھان۔
312,تٔمۍ سُنٛد بے حرکی بیانن کٔر مےٚ ناراضگی حُٲصل۔
313,بہٕ چھُس ایم پی یُک مقٲمی۔
314,مےٚ ووٚن پننہِ ماجہِ مےٚ سۭتۍ یِنۍ مگر تٔمۍ کوٚر نہٕ کانٛہہ نوٹس۔
315,اَتھ منصوبس چھِ ڈبلیو ایِچ آو طرفٕہ مٔٲلی اعانت فراہم کرنٕہ یِوان۔
316,ہمیشہٕ چھِ بُزرگن ہُنٛد احترام كران۔
317,یہِ مشٲہد چھُ لگ بگ اکھ سٕچ۔
318,سُہ چھُ اکھ ترقی پذیر کاربار چلاوان۔
319,تمہِ كور تس وُچھنہِ باپت كھول۔
320,توہۍ ہیکو یہِ گُٲڑ تُلِتھ؟
321,أمِس آو سرد اِستقبالیہ دِنہٕ۔
322,تِمو منٛزٕ اوس نہٕ کانٛہہ تہِ تھوڑ۔
323,مھمانن کوٚر گرمجوشی سان استقبال۔
324,بھگوان چھُ یِہ کائنات بناون وول۔
325,یِہ چھِ أمۍ سٕنز ذِزتی کٲم۔
326,سۄ ٲس غمس منٛز كھوران۔
327,اسہِ چھُ پنٕنۍ کٲم کرنہٕ خٲطرٕ واریاہ وقت۔
328,لوٗکن ہٕنٛدِ اخلاقیاتُک معیار چھُ بڑان۔
329,ییٚلہِ فوجی سٕنٛز لاش نخبر تراونہٕ آیہِ، لوٗکن منٛز اوس تلخی۔
330,تٔمۍ لگٲو پننِس سامانس أندۍ پٔکھۍ اکھ تار۔
331,بہٕ چھُس یژھان اکھ قالین ہینہٕ۔
332,مرٲیہ تہٕ مجرن کور عہدن ہُند تبادلہٕ۔
333,وارٕ ہارس اوس پٔتمہِ سیزنس منٛز زبردست۔
334,تہُۍ کتھ حدس تام چھِوٕ خرچ کران اتھ ہُند حساب تھٔٲوو۔
335,جہاز گوو لہرٕ كنہِ سمندرس منز۔
336,پتٕہ ووٚن اِنسٹرکِشنن بیٚیہِ اکھ رضاکار۔
337,پلاسٹک چیزن ہُند قۭمَت چھُ دھٲتی چیزن ہٕندِس مُقابلَس منز سستہٕ۔
338,مے چھُ پننأنن شُرین پیٹھ فخر۔
339,اسِہ چھُ اونُک پوشاک ہِینٕہ یِوان۔
340,یِتھٕ کٔنۍ زِ ؤرۍ یہِ چھُ بند گژھان، دٔلیٖل چھے بدلان۔
341,یہِ اوس اکھ خوبصورت آبشار۔
342,سُہ اوس بدتمیز، اعلیٰ حوصلہٕ مند تہٕ خود اعتمٲدی۔
343,بہٕ چھُس أمۍ سٕنٛزِ کارکردگی سۭتۍ واریاہ متٲثر۔
344,أسۍ کٔرۍ یِمن چیزن درمیان اکھ مُشابہت۔
345,تالابس أندۍ پٔکۍ ٲس زیادٕ گاڑِ۔
346,سُہ چھُ پننِس شعبس منز اکھ مٲہر۔
347,یہِ عمارت گُزرییہِ بٔلکہ دِنہٕ سۭتہِ۔
348,صُبحس تیران چُھ جسمہٕ خٲطرٕ بہتر۔
349,صدر سٕنٛدِس ہدایتس تحت آو اکھ نوٚو کونسل قٔزیٖم کرنہٕ۔
350,سۄ ٲس زیچھرس منٛز واریاہ کم۔
351,تہُۍ ہیکو کُنہِ تہِ دُکانس پؠٹھ واٹر کلر ہیتھ۔
352,مران نفرن دیُت پننِس نیچوِس آشیرواد۔
353,پریتھ دۄہ چھُ واریاہ لوٗکھ اتھ مندرس منٛز یِوان۔
354,سپروایزرن دیُت سُہ نوکری منز شرابس منز یِنہٕ پتہٕ برطرف۔
355,سُہ آو كمبہٕ کہِ وراثتہٕ نِش محروم تھونہِ۔
356,پُلیٖسن دِتہِ لُکھ ڈاکوو نِش۔
357,تمٔۍ بنٲو پننہِ کوٗرۍ ہٕنز تصویر۔
358,بہٕ چھُس واریاہ شنکر ہیتھ چائے کھؠوان۔
359,تمہِ چھُ اكھ جُرم كورمُت۔
360,تٔمۍ کٔر پننٛآن گنامن ہٕنٛز معٲفی حٲصل۔
361,بہٕ چھُس أمۍ سٕنٛز ذہانت خٕلطرٕ تعریف کران۔
362,تمٔۍ تھوو پارٹی منز شرکت کرنہٕ خٲطرٕ پنُن مَس۔
363,تٔمۍ کٔر بطورِ خزانچی کٔٲم کرنس پیٚٹھ رضامندی ظُٲہر۔
364,یہِ وائبریٹر چھِ دَگ کم کرنہٕ خٕلطرٕ استعمال یِوان کرنہٕ۔
365,اتحادک اعلان ییہِ منٲسب وقتس پیٹھ کرنہٕ۔
366,قلم تھٔٲوو اگھن تٕہ انگھن درمیان۔
367,وُنکینس چُھ سہُ ریاضس منز کٲم کران۔
368,پننیٚن مسلن ہُنٛد حل دِنہٕ خٕٲطرٕ پزِ اَسہِ پیسیفک آسُن۔
369,دندھن ہٕندۍ ڈاکٹرن تھوو أمۍ سٕندِس داڑس اکھ تاج۔
370,اثرات ٲسۍ شِدتس منٛز کٲفی۔
371,بھاگوت گیتا ہس چھِ ٲٹھار باب۔
372,رامن تُل بینکرس نِش پونسہٕ ادٕ۔
373,جانورن کھؠنہٕ چُھ اکھ بٔڑ کٲم۔
374,تٔمۍ کوٚر چرچس خلاف احتجاجُک آغاز۔
375,دٔلیٖلس منز چھُنٕہ پو سچٲئی ہُند کانہہ نِشان۔
376,مہربٲنی کٔرتھ بنٲیو پنُن ناو تہٕ پیشہِ أکِس کاغذس پیٹھ لیٖکھِتھ۔
377,سۄ ٲس پننِس دوست سٕنٛدِ ٹھنڈے استقبال سۭتۍ زخمی گٔمٕژ۔
378,پرنٹنگ ایجاد کرنہٕ پتہٕ چُھ سانہِ معاشرہ واریاہ بدلاونہٕ آمُت۔
379,ممکنہ طٲلب علمن گژھِ مزید محنت کرنہٕ خٕٲطرٕ حوصلہٕ افضٲیی کرنہٕ یِنۍ۔
380,ییٚلہِ بہٕ سخت مصیٖبتس منٛز اوس سُہ اوس مےٚ بطورِ میٖٲنۍ پارٹیشن مدد کران۔
381,یہِ چھے وزنہٕ واجینۍ بالٹی یتھ تہُۍ تُلان ہیکو۔
382,تٔمۍ کٔر ججس برونٛہہ مقدمٕکۍ حقائق پیش۔
383,دیوارس پیٹھ لمبہٕ تھونہٕ آمٕژ پینٹنگہٕ چُھ اصل وُچھنہٕ یوان۔
384,صدرس چُھ تمام فیصلن پیٹھ ویٹو کرنُک اختیار۔
385,کِتاب تھَٲوِو بٹمن شیلفس پیٹھ۔
386,کینٛژن فنڈنگ ایجنسیَن چھِ تحقیقی منصوبس حمایت کرنہٕ۔
387,یِم مٔکھۍ چھِنٕہ ماچھ دِوان۔
388,یِہ اوس صرف اکھ المناک حٲدثٕہ۔
389,تٔمۍ بنٛٲو اکھ خوبصورت تصویٖر۔
390,یِہ چھُ ماننٕہ یِوان زِ تِم چھِ ورمیورس۔
391,سُہ چھُ پیٹس منز السر کہِ وجہ سٍتۍ صرف نرم کھیُن کھیوان۔
392,پریتھ صُبحس كھور پنُن وات۔
393,اسہِ چھُ نہٕ گُرس منز کانہہ میو۔
394,یِہ چھُ وُنِہ تِہ تَتِہ اکھ زِندٕ رواج۔
395,سۄ چھےٚ پننِس دفترس تام واتنہٕ خٲطرٕ بسس منٛز سفر کران۔
396,تٔمۍ چھےٚ گۄڈٕ کھۄتہٕ زیادٕ آرام دہ کُرسی حٲصل کٔرمٕژ۔
397,اَتھ مُلکُک بحری فوج چھُ واریاہ بوٚڑ۔
398,طٲلبہِ عٔلِمو کٔر پرنسلس برونٹھ فریشرن چھیڑنہٕ خٕلطرٕ معٲفی۔
399,وی پی سنگھ اوس اقوام متحدہ کِس اجلاسَس منٛز اکھ مبصرٕ۔
400,تِمو وُچھ پہاڑُک سر۔
401,اتھ سڑکہِ پیٹھ چُھ منحنی خطرٕ۔
402,تمہِ كوٚر اكہِ چھیلہٕ سۭتہِ آب ژھایہِ۔
403,روٗد كنہِ گُٲزرییہِ وُہہِ منٹ۔
404,کورین كور پارٹی منز شور۔
405,اگر توٚہہِ عٔلِم یژھان چھِو، تۄہہِ پَزِ اَمہِ خٔٲطرٕ محنت کرنہٕ۔
406,تمباکو نوشی چُھ ہوا خراب کران۔
407,چور آو حقارتس منز رٹنٕہ۔
408,سُہ چھُ اَسہِ سارِوےٕ منز بہترین نیبرٕ انُن یژھان۔
409,مہربٲنی کٔرتھ کھولو وات۔
410,ہمالیٲیی پہاڑ چِھ ہندوستان کین سرحدن پیٹھ۔
411,سُہ آو سیٖنہٕ كہِ بیمٲر كنہِ ژاس كرنہِ۔
412,شٲعرن کور ہمالیہ ہُک تاج بیان۔
413,یہِ چھُ تٔمۍ سُنٛد خُٲطرٕ واریاہ بٔڑ زِ سُہ چھُ پننہِ تنخواہُک نصف حصہٕ سیلابن ہُنٛد شکار گژھن والیٚن عطیہ کران۔
414,تٔمۍ ترٛٲو کِتابِہ پننِس دوستس سۭتِہ۔
415,تِمن سۭتہِ مُقابلہٕ کرُن چُھنہٕ أمِس باپت مُمکن۔
416,تٔمۍ تُل اکھ سُرن شاہ تہٕ کٔرن دٔریاوس منٛز غوٗر۔
417,گُلوکارن تھٔٲِوۍ نوٹ واریاہ خوبصوٗرتی سان۔
418,میٖٲنِس لۄکٹِس نیٚچوِس چھِ تھرش۔
419,تٔمۍ کوٚر دیوارس پیٹھ اکھ تصویر لگاونہٕ۔
420,تِمو چھُ فہرست پروگرام کوٚرمُت تہٕ تُہۍ چھِوٕ گوڑنٕچ کتھ کرن واجیٚنۍ۔
421,تِہہُنٛد منطقن کوٚر نہٕ سُہ مُتٲثر۔
422,سیاحو كور بسس منز بھڈ۔
423,مےٚ لگٲوۍ پنٕنۍ تمام پَلو رسی پیٚٹھٕ۔
424,اَسہِ اوس نہٕ زانٛہہ تہِ توقع زِ یِژہ آفت گژھہِ۔
425,أمِس اوس یلاجُک ضرورت۔
426,بہٕ چھُس پرنس دوران شیشہٕ لاگان۔
427,سُہ اوس بدتمیز تہِ تیز گومُت۔
428,تہُۍ ہیکو نہٕ پننؠن سٔزتھین بغٲر کاربار کٔرتھ۔
429,سُہ گُزریوو سٔزتھی مِسٲفرن ستِہ کَتھ كرنس منز وقٕت۔
430,مہربٲنی کٔرتھ کرو بلب ہولڈرس منز ٹھیک۔
431,وسیع کل چھِ دۄن اہم نقطن جوڑان۔
432,أسۍ دراو أکِس خوبصورت خلیج کُن۔
433,تٔمۍ سُند بوے چھُ یوتھ فیلوشپُک رُکن۔
434,ٹرین گٔیہِ حرکتس منٛز۔
435,جورٕ چُھ اتھ گھرس منز روزان۔
436,کمپیوٹر چُھ ٹھیک کٲم کران۔
437,راجن کور امہِ صورتِ حالُک پورٕ فٲئد۔
438,تۄہہِ چُھ پنٛنِس مزاجس پیٚٹھ قابو تھونُک ضروٗرت۔
439,أمِس چھُ کُنہہ تِہ کرنُک سرکٔٲرۍ اختیار۔
440,سُہ چھُ وایلا گِندان۔
441,ٹیبلس پیٹھ چُھ کینہہ پوائنٹ۔
442,دیانت چھِ اکھ فضیلت۔
443,یہِ اوس اکھ لائیو ڈراما۔
444,بہٕ چھُس کُنہِ تہِ شکلہِ شکارس خلاف۔
445,تس آو قتلُک سزا دِنہٕ۔
446,تمہِ ٲس اکھ بف رنگٕچ سٲڑی لاگان۔
447,تٔمۍ سُنٛد بیان چُھ ہمیشہٕ بیمار نفرس پرجوش کران۔
448,سُہ اوس کُنہِ ننہِ خٕلطرٕ گاڑِ ہُند استعمال كران۔
449,یہِ چھُ سارِوٕے کھۄتہٕ بہترین واٹر کیریر یُس مےٚ وُچھمُت چھُ۔
450,تِمو دِژ مدن دفن۔
451,چوکیدارو كور مرد نابر۔
452,أکۍ ویٹرن کور زخمی گُرس علاج۔
453,ییٚلہِ مریمبا تال گؠوُن شروع گژھان چھُ، مےٚ سۭتۍ کٔرِو رقص۔
454,فوجی زٔسۍ میٖلُک کوٗٹ لاگان۔
455,أسۍ اوس پنٕنۍ قونوٗنی پیچیدگی حل کرنہٕ خٕلطرٕ اکھ وکیل مقرر کوٚرمُت۔
456,پندہ چھُ میون خوش قسمت نمبر۔
457,مےٚ ووٚن أمِس پارٹی منٛز یِنہٕ خٲطرٕ۔
458,اتھ منز ٕ زٔسۍ تہر یوان زِ امتحان گژھن ملتوی کرنٕہ یِنۍ۔
459,سۄ چھےٚ اکھ واریاہ قٲبل وکیل۔
460,تمٔۍ سٕنز موج چھے پنژٲسی ؤریہِ۔
461,تٔمۍ سُنٛد مقٲمی اندازٕ چھُ پرٛؠِتھ کانٛہہ پسند کران۔
462,سٲنۍ سکوٗل چھِ دریاو کِس بٔٹھِس نزدیک۔
463,سُہ اوس سٕچ تہٕ عدمِ تشددس سۭتۍ محبت کران۔
464,یِیوٗت تومُل چھُنٕہ دٔہن لُکن کھآوان۔
465,بہٕ چھُس نہٕ وُنٲیِب تام یتھ وعدٕ خٔٲطرٕ تیار۔
466,بہٕ چھُس پننِس مُلک کیٚن لُکن سۭتۍ محبت کران۔
467,سُہ چھُ سانہِ گھریلو نوکر۔
468,کمپنی کٔرۍ سامان وقتس پیٹھ ڈلیوری۔
469,مہربٲنی کٔرتھ کرو فرش موم۔
470,سڑکہِ کِس کوٗنس منٛز چھُ اکھ کٕنن وول۔
471,رامن دیُت اکھ تیر یُس أکِس اڑن وَٲلِہ ہٕنسَس لگ۔
472,سُہ چھُ اَکھ مشہور طبیب۔
473,سکوٗل چھِ أکِس سیشنَس منٛز صِرِف 50 طٔلِب عٔلِم دُٲخل کران۔
474,سُہ چھُ اکھ خود ارضی شخص۔
475,تِم چھِ اتھ مکانس منٛز روزان۔
476,ییلہِ میٖٲنۍ چچا واریاہ زیادٕ چؠوان چھُ، سُہ چھُ واریاہ تیز گژھان۔
477,سڑکہِ ہٕنٛدِ نقشہٕ چھِ واریاہ شکل ظُٲہر کران۔
478,سۄ چھےٚ کمپنی ہٕنٛز مُلکہٕ۔
479,لاگتہٕ كنہِ اوس تجٲرتی جنگہٕ نِش بچُن۔
480,تِمن درمیان ٲسۍ دوستی ہٕنٛدۍ مضبوٗط تعلُقات۔
481,تٔمۍ کوٚر اَسہِ خلاف شدید حملہٕ۔
482,أمِس اوس نؠبر نہِ گژھنہٕ خٕلطرٕ اکھ آسان بہانہٕ۔
483,بہٕ چھُس یہِ جشن کٲفی غٲر معمولی محسوس کران۔
484,یہِ لاٹ چھُ تس باپت تھاونہِ آمُت۔
485,یِمو منز چھُ واریاہ لُکھ تپٕہ دقس منز مُبتلا۔
486,سٕچ اوس واریاہ تکلیف دَہ۔
487,سۄ ووت بالس پیٹھ۔
488,تٔمۍ سٕنٛدیٚن اونگرین ہٕنٛدیٚن کینٛژن اعصابن گوٚو واریاہ نقصان ییٚلہِ تٔمۍ کارٕ کِس دروازس منٛز پنٕنۍ أتھۍ ژٔٹۍ۔
489,لوٗکن برونہہ كُن وُچھُن چھُ واریاہ بدتمیز ماننہٕ یوان۔
490,تٔمۍ کٔر پنٕنۍ کٲم رازدارانہٕ اندازس منز مُکمل۔
491,سُہ اوس خوفہٕ سٍتہِ ژلان۔
492,بہٕ چھُس نہٕ عام طور ریتہِ کال کین راتن منز سفر کرُن پسند کران۔
493,میٖٲنۍ مستقبل اوس کم گژھنس پیٹھ۔
494,پریس نامہٕ نِگارن آیہِ مقامس متعلق آگاہ كرنہٕ۔
495,معاف كریو، مے كور تہندس بیگس پیٹھ پیدل؟
496,ییٚلہِ بہٕ دُہہِ وُہر اوسُس مےٚ ٲسۍ ٹانسل نیٚبر کڑنہِ آمٕتۍ۔
497,مریض سُند خوٗن اوس نہٕ جمن وول۔
498,تِم چھِ ورمیلُک ہار کٕنان۔
499,کلاس ٲس یوٗتاہ بورنگ زِ تمام طٔٲلب علم ٔ ٔ زٔسۍ جسمٲنی طور ییتہِ مگر ذہنی طور کُنہِ بییہِ جایہِ۔
500,یہِ سودا ہیکُن سُند کاربار بنٲوِتھ۔
501,سۄ چھےٚ مےٚ تکنیکی معاملن پیٚٹھ مشورٕ دِوان۔
502,یِم عمارتہٕ چھِ دُنیاہس منٛز بدنیتی ہُنٛد اضافہٕ کران۔
503,تٔمۍ چھُ پوٗرٕ دُنیاہس منٛز سفر کوٚرمُت۔
504,أسۍ چھِ چیزن وزن سٍتۍ پیمٲئش کران، نہ کِہ حجم سٍتۍ۔
505,سٲنۍ ہمسایہِ ٲسۍ واریاہ دوستانہٕ ییلہِ أسۍ پننٕۍ گرٕ گوو۔
506,أسۍ کوٚر تھیٹرس منٛز موسیقی تہٕ رقصُک مزٕ۔
507,کھین تھٔٲیِو أکِس بٔڑِس برتنس منٛز۔
508,سطحی زخم چُھنہٕ سؠٹھاہ آسان۔
509,نیٚبرٕ پٲٹھٕ یِنہٕ واجیٚنۍ بو ٲس نہٕ مزٕ دار۔
510,وُچھِو، یہِ چھُنہٕ تۄہہِ کُنہِ تہِ طریقہٕ مدد كران۔
511,سۄ ٲس پوٗرٕ رؠتہٕ تتہِ وُچھِتھ۔
512,سردٕہ كنِہ چھُ میٲنین اونگُن ژلان۔
513,تمہِ كوٚر میٖٲنس گرمجوشی سان اَتھ۔
514,لڑکہٕ گوٚو اچانک پنٕنۍ سیٹ نؠبر برۄنٛہہ ییٚلہِ ڈرائیورن اچانک وقفہٕ لاگو کوٚر۔
515,تم چِھ خدایتس پیٹھ بحث کران۔
516,ورلڈ کپس منز ہارنٕہ سٍتۍ ٲسٕہ لُکھ مایوس۔
517,ژٕ ہیٚکو مےٚ پنُن کاغذی چاقو دِتھ؟
518,واریاہ لوٗکھ ٲسہٕ وزیرِ اعظم سٕنٛدِس دفترس برونٛہہ كُن جمع۔
519,أسۍ ہیٚکو نہٕ دۄہدش ضرورتہٕ خٕٲطرٕ باقین پیٚٹھ انحصار کٔرِتھ۔
520,مے چھُ پٔزۍ پٔٲٹھۍ آدھی راتُک پرسکون پسند۔
521,کھین کٔرِو نہٕ برباد۔
522,تِم چھِ أکِس ڈھیل اتحادس منٛز دُٲخل گٔمٕتۍ۔
523,مجموعن کوٚر اکھ اجلاس منعقد۔
524,یہِ کرُن چھُنہٕ ٹھیٖک۔
525,سۄ آیہِ سیڑھین پیٹھہٕ كھسنہِ۔
526,امہِ صورتِ حالن كور أمِس منز شرارت ظُٲہر۔
527,تٔمۍ کٔر پننہِ تمام وراثت أکِس ؤرۍ یس منٛز خرٕچ۔
528,حالانکِہ سُہ چھے واریاہ غریب، مگر أمۍ چھُنٕہ پنُن وقار حٲصل کورمُت۔
529,مےٚ میوٗل مانچسٹر یونیورسٹی منٛز فیلوشپ۔
530,تہُۍ کِتتھ چھِوٕ گژھان؟
531,أمۍ سُند طرزِ عمل چھُ خاندانس منز سراہنہٕ یوان۔
532,تہُۍ کیازِ چھِوٕ أمِس دعوت دِنس منٛز ہچکچاوان؟
533,بہٕ چھُنہٕ چیز چھپاوان۔
534,ڈاکٹرن کوٚر مریضس واریاہ اصل پٔٲٹھۍ جانچ۔
535,مےٚ گُزٕٲرۍ شیٚیہِ رؠتہٕ بطورِ وزیٹِنگ پروفیسر۔
536,ایئر لائنس چھِ دھیان دِنس منٛز ناکام روزنہٕ خٕلطرٕ تنقید کرنہٕ آمٕژ۔
537,سُہ چھُ پرٛٲنِس شہرس منٛز روزان۔
538,بہٕ چھُس وینٹی بلس منٛز تۄہہِ انتظار کران۔
539,مےٚ لیٖوٗکھ اکھ کتاب تہٕ کٔرٕن پرٛیُس خٔٲطرٕ تیار۔
540,سُہ ہیوک نہٕ کٲم مُکمل کٔرتھ، حالانکہِ تٔمۍ کور سخت جُلیز۔
541,تمٔۍ کٔر واریاہ زورٕ سان کتھ۔
542,اتھ دُنیاہس منز چھُ اہم چیز دِیانتدار آسُن۔
543,بنگلورس چھُ باغن ہُند شہر وننٕہ یِوان۔
544,پیٛازہٕ خٔٲطرٕ کٔرِو سرکہِ ہُنٛد استعمال۔
545,تۄہہِ میوٗل نقل و حمل۔
546,سُہ چھُ أکِس خاندانس منٛز بطورِ پونسہٕ دِنہٕ وول مہمان روزان۔
547,سِچن چُھ اکھ بہترین کرکٹ کھلٲڑۍ۔
548,اگر تُہۍ امہِ نوکری خٕلطرٕ درخاست کرُن یژھان چھِوٕ تیلہِ سوٗزو تِمن پنُن وٹی۔
549,سۄ چھےٚ ہمیشہِ تجریٖدی طور کَتھ کران۔
550,تمٔۍ کور وعدٕ زِ سُہ گژھِ نہٕ بییہِ زانہہ تہِ ییتہِ۔
551,بہٕ چھُس پننِس ضمیرس منٛز واریاہ واضح۔
552,مے چھُ ڈر زِ بہٕ چھُس نہٕ پیروی کران۔
553,مے ؤنۍ پوٗر دٔلیٖل پننِس بٲیِس۔
554,تِمو وُچھ اکھ نفر اَتھرس منٛز ژۄلِتھ۔
555,اَسہِ چھُ سارِوٕے کھۄتہٕ کمزوٗرن مدد کرٕنۍ۔
556,یہِ چھُ مےٚ خٔٲطرٕ کم اہمیت تھاوان زِ لوٗکھ کیٛاہ چھُ مےٚ متعلق سوچان۔
557,أمِس چھِ دٔچھنِہ ٔ زِچھِ منز واریاہ کم بصارت۔
558,تِم ٲسۍ جان بوٗجھِتھ اتھ مسلس نِش بچان۔
559,ویٹرنری ڈاکٹر بنن چُھ میٲنس زندگی ہُنٛد خواب۔
560,کوٗنس پیٹھ ٲس اکھ ترے منزلہِ عمارت۔
561,لڑٲیی گٔیہِ صرف پلیس کِس وقتا فوقتا یِنہٕ سۭتۍ ختم۔
562,رائفلو سٍتۍ لیس زِ نفر دراو اندر تٕہ لٔٹۍ بینکس منز۔
563,کینٛہہ نوجوان چھِ یوگ کلاسَس منٛز شُٲمِل گٔمٕتۍ۔
564,میٖٲنۍ تمام سرکٔٲرۍ خط و کتابت چھِ میٛانہِ سکریٹری کران۔
565,کونسل چھےٚ شہرس منٛز ٹریفک کم کرُن کیٚن طریقن پیٚٹھ کٲم کران۔
566,أمِس چھُ پننِہ کرٹی برل زخمٕہ كنِہ واریاہ مُصائب گومُت۔
567,تٔمۍ کور فخرٕ سان پنُن انعام ہاونُک مظُٲہر۔
568,بہٕ چھُس پننٛآن لُکن سمکھنہِ خٕٲطرٕ پننِس گام گژھان۔
569,یِہ کتاب دِیِو آزانس تٕہ باقٕیہ تھٔٲوِو أدیمِس باپَت۔
570,یِہ کامیڈین چھِ پننِہ بدکٲری خٕلطرٕ زاننٕہ یِوان۔
571,أسۍ کٔرۍ شہر صاف کرنہٕ خٕلطرٕ اکھ منصوبہٕ تیار۔
572,حٲدثس منٛز گوٚو گاڑِ ہُنٛد برۄنٛہہ حِصہٕ تباہ۔
573,أمِس چھُ امیر بننٕچ زبردست محرّک۔
574,مہربٲنی کٔرتھ کرو تمٔۍ سٕندس بدتمیز برتاوس معاف۔
575,تِمو چھُ سون فٔٲصلہٕ قبوٗل کوٚرمُت۔
576,أسۍ سَزری روٗدۍ راتھ پننِس دوست سٕندِس جایہِ۔
577,جنسی طور ہراساں کرنہٕ کین الزامن ہٕنٛدِ نتیجس منٛز چھِ دۄن پولیس افسرن خلاف کاروٲیی کرنہٕ آمٕژ۔
578,یہِ کتاب چھےٚ واریاہ دِلچسپ۔
579,یژھ رُکاوٹ ہیكہِ نہٕ قبول ٔ ٔسِتھ۔
580,ڈرایور اوس سڑکہِ ہُند نشان پرنہٕ خٕلطرٕ ؤچھان۔
581,پریتھ کانٛہہ اوس اضطراب سان نٔتیٖجن ہُنٛد انتظار کران۔
582,مجرم ژٔلۍ جیلہٕ منٛز۔
583,یہِ تصویٖر چھُ نسبتاً اصل۔
584,بہٕ ہاکا تۄہہِ مدد کٔرِتھ؟
585,سۄ ٲس شرارتس منٛز غلبہٕ کران۔
586,یِم کُلۍ کٔٹۍ چھِ پننیو مودو ذریعہ آب جذب کران۔
587,ہاکی ٹیمس منز چھِ کُنِہ کھُلٔٲڑۍ آسان۔
588,سُہ چھُ اکھ وِٹیکلچرسٹ۔
589,کُتُب خانس منٛز چھُ تۄہہِ کِتاب ژیٖر واپس کرنہٕ خٕلطرٕ جُرمانہٕ ادا کرُن۔
590,میٖٲنۍ زٔنڑۍ لگنہٕ لٔگۍ۔
591,تِمو تھوو مےٚ أکِس صاف كمِس منٛز۔
592,اَسہِ پزِ پننِس مُلک کِس عزت خٔٲطرٕ لڑُن۔
593,مےٚ گُزٲر پنُن زندگی كانٛہہ كرنہٕ نہٕ سۭتہِ۔
594,مےٚ چھُ پنُن پان پنین سالانہٕ امتحانن باپت تیار کرُن۔
595,سُہ چھُ اکھ ویٹرنری سرجن۔
596,أمۍ سُند فن گوو ٲخر کار پھٔہلِتھ۔
597,سیٲسی معاملن پیٹھ ٲس بحث۔
598,اسِہ چھِ یِمن لفظن مختلف زمرن منز درجٕہ بندی کرٕنۍ۔
599,پنُن قیمتی سامان تھٲوو لاکرس اندر۔
600,سُہ چھُ کٔٲم جلدی مُکمل کران۔
601,أسۍ ہیٚکو تعمیری مقصدن خُٲطرٕ وُسٲئل ختم کٔرِتھ۔
602,میٖٲنۍ مطلب، سُہ اوس ہمیشہ اکھ میٹھا کتھ کرن وول۔
603,أمِس میانہِ نِش میوٗل اکہِ چالہِ سۭتۍ پونسہٕ۔
604,گاو آیہِ ویٹرنری ہسپتال نِنہِ۔
605,دودھس منز چھِ کیلشیم آسان۔
606,شُر سٕندِ اتھٕ اوس گِند۔
607,مےٚ کٔرۍ پنٕنۍ تمام پَلو کابینہِ منٛز ترتیٖب۔
608,تٔمۍ ٲس گۄڈٕ اَتھ ادارس منٛز کٔٲم کٔرمٕژ۔
609,سُہ آو حالٕے پنجابُک گورنر مقرر کرنہٕ۔
610,أسۍ دیُت ہوٲئی اڈس پیٹھ تس الوداع۔
611,آب چھِ راتھس منز مضبوٗط گژھان۔
612,تِمو کوٚر الگ روزنُک فٔٲصلہٕ۔
613,مےٚ میوٗل نہٕ تِہنٛدِ نوٚو گرٕ وُچھنُک موقع۔
614,سُہ چھُ اَکھ لالچی اِنسان۔
615,خراب کمپنی منز روزنہٕ کھوتہٕ چُھ کُنُے روزُن بہتر۔
616,مےٚ چھَنہٕ گِندنہِ خٲطرٕ وقت میلان۔
617,تمٔۍ سُند بُتھ اوس خوفہٕ سٍتۍ زردِ رنگُک۔
618,مٔٲلی معاملن منٛز میٖٲنِس مٔلِۍ سٕنٛز اہمیتس پیٚٹھ چُھنہٕ کُٲنسہِ شک۔
619,ٹرین حٲدثس منٛز گٔیہِ داہ نفر ہلاک۔
620,ٹیمن گیندٕ اکھ منصفانہٕ کھیل۔
621,سۄ ٲس دَگس منٛز كھوران۔
622,یتیم خانہٕ چُھ بٹمالوس منز واقع۔
623,کرکٹس سٍتۍ محبت کرن وُٲلۍ ٲسۍ یہِ میچ واریاہ اضطراب سۭتۍ وُچھان۔
624,تِم چھِ فعال طور بلس خِلاف لابنگ کران۔
625,لگاتار کوٗشِشو سۭتہِ گٔیہِ تِم پنُن مسلہٕ حل کرنس منٛز کامیاب۔
626,اتھ معاملس منز کرو نہٕ كم۔
627,امہِ بآمارِ چُھ سُہ کمزور کورمُت۔
628,تِم ٲسۍ عظیم جنگجو۔
629,ہِنٛدُستٔٲنہِ بازرس منٛز اوس کُل کٕننُک 40% حِصہٕ۔
630,سڑکہِ منز اوس کینہہ شورٕ۔
631,أمۍ سٕنٛز زندگی چھےٚ خطرس منٛز۔
632,کھڑکہِ سۭتہِ چھِ جھیٖلٕک خوٗبصوٗرت نظارٕ میلان۔
633,صنعتی ملک چُھ قدرتی وسٲیلن واریاہ زیادٕ مقدارس منز استعمال کران۔
634,مے دِیو بس پننٕۍ اتھہٕ کلنہِ۔
635,بہٕ اوسُس کٲفی نزدیک کھڑا یہِ بوزننہٕ خٲطرٕ زِ تِم کیا چھِ ونان۔
636,سون سازس کٔر پرٛؠتھ کانٛہہ أمۍ سٕنٛدِس فنس خٕلطرٕ تعٲریٖف۔
637,یہِ ڈرامہ اوس شاندار۔
638,سۄ لۄکُٹ کوٚر چھےٚ واریاہ خوٗبصوٗرت۔
639,سُہ چھُ اکثر میٖٲنِس گُرس یِوان۔
640,تِمو کٔر پنٕنۍ کٲم مؤثر طریقہٕ سۭتۍ مُکمل۔
641,دھومن کور فایر الارم شروع۔
642,تمٔۍ سٕنزِ اونگہٕ چھے زیٖٹھۍ تہٕ پتلہِ۔
643,بہٕ چھُس ترہہِ وُہر۔
644,ایمرجنسی منز چُھ دانشمندی سان کٲم کرٕنۍ ضروری۔
645,پروگرام آو دوٚیمہِ دۄہ مُنعقد کرنہٕ۔
646,أمِس أندۍ پٔکۍ تھوو افسرن ہُند ہجوم۔
647,یِہ پزِ اکھ وایرس آسن۔
648,چائلڈ ہُک جمع کیاہ چھُ؟
649,عمارت کِس پوٗرٕ کپُرَس چھُ تزئین و آرائشُک ضرورت۔
650,تمہِ نفرن وُچھ شُرۍ گُلی پار کران۔
651,سپروائزرؔ اوس پننِہ کامِہ سٍتۍ پورٕ پٔٲٹھۍ مُطمئن۔
652,مے وُچھ مٲدانس منز اکھ ڈرائیو۔
653,بہٕ چھُس واریاہ تھَکمُت۔
654,تِم چھِ ییٚتہِ صرف مغربس منٛز روزان۔
655,منیجرن کور تجاویزُک استقبال۔
656,مچھر چھُ کُنِہ تِہ ورٹبریٹ خوٗن کھیوان۔
657,پلیٖس طرفٕہ لگاتار پوچھِ گٔچھ کرنٕہ ستِہ گوو سُہ بے ہوش۔
658,تِمو کوٚر میٛون نقطہٕ نظر اختیار۔
659,آسمان اوس بادلو سۭتہِ پوٗرٕ۔
660,کاروانَن کٔر پریتھ دۄہ لَگ بگ 100 میُل سفر۔
661,میٖٲنۍ جوٗرۍ ٹھیٖک کرنٕچ چھَنہٕ کانٛہہ ضرورت، مےٚ چھُ یہِ رَد کوٚرمُت۔
662,ڈائنامائٹ ہینڈل کرُن چھُ واریٛاہ خطرناک۔
663,بہٕ چھُس یژھان اکھ پارٹی کرنہٕ۔
664,چیف آف آرمی اسٹافن کوٚر سرحدی علاقن ہنٛد دور۔
665,سُہ بنیوو امریکاہُک نٲئب صدٕر۔
666,ٲخری بوموار دۄہ ووت سُہ ژیر۔
667,تِم چھِ کولیزیمس منز گِندان۔
668,ایمبولینس آیِہ حٲدثہ جایِہ تام تفصیل سان۔
669,مہمان ؤلِتۍ دُپُہرس۔
670,اکھ زنانہٕ تہِ چھُ ووٹ دِنُک حق تھاوان۔
671,نیوٗن چھُ اکھ خاص وۄزُل چمک خٲرج کران۔
672,کمپنی ہٕنٛز پروڈکشنُک گراف چھِ ییتۍ۔
673,یہِ غذا چھُ سبزی تہٕ پھُلیو ستہِ پوٗرٕ۔
674,پری ہٕندِس جادوہن کٔرۍ یِم زٕ بُٲیِہ کتھن منز تبدیل۔
675,سُہ چھُ اکھ غٲلبہ کرن وول نفر۔
676,فنکشن گژھِ کُنہِ تاخیر بغٲر شروع۔
677,مے روٗز پنٕنۍ بندوٗق۔
678,نیبولا چھُ تیوٗت دور آسان زِ تِمن چھُنٕہ کٲفی تفصیل سٍتۍ وُچھنٕہ یِوان۔
679,یہِ زمیٖن چھےٚ أکِس سرکٔٲرۍ ادارس سۭتۍ تعلُق تھاوان۔
680,یِہ پٔأٹھۍ چھُ میٖٲنِس گُرس کُن گژھان۔
681,زون چُھ گَرن پیٚٹھ ہلکہٕ روشنی تراوان۔
682,تِہٕنٛز بآمار ہیٚکو خراب غذا سۭتۍ منسوٗب کٔرِتھ۔
683,بہٕ چھُس یہِ ہینہٕ کِس بارس منز سوچان، مگر بہٕ چھُس بدتمیز۔
684,تِم چھِ گۄڈٕ ایشیاہس منٛز کِتابہِ تقسیٖم کرنہٕ یژھان۔
685,خراب صحت ہیٚکہِ زندگی منٛز کامیٲبی خٕلطرٕ رُکاوٹ ٕزٔسِتھ۔
686,تٔمۍ دِیُت اَسہِ اکھ روشُن خیال۔
687,بہتر چھو زِ توہِہ وُچھِو یِہ ڈکشنری منز۔
688,أکِس فٔٲصلہٕ کٔرن وَٲلہِ نفرس پَزِ پارٹی ہٕنٛز قیادت کرنہٕ۔
689,یِہ چھِ اکھ تجریدی مُصوری۔
690,اكھ وِکسُن اوس جنگلس منز وُچھان۔
691,تمہِ کٔر پُلیسس جُرمس متعلق مذمت۔
692,بوٗڑۍ کیازِ چھِ خاموش روزان؟
693,تانبے ہُند ٹری چھُ سلورِ سٍتۍ چڑھاونہٕ یِوان۔
694,أمِس چھُ اکھ نوو کمپیوٹر حُٲصِل۔
695,آسمان اوس ستارو سۭتہِ وُچھنہِ آمُت۔
696,لۄکٕٹۍ شُرۍ چھِ مٔٲلۍ ماجہِ ہٕنٛدۍ پیارے۔
697,یہِ چھُ روح چیونہِ خٲطرٕ دِنہٕ یوان۔
698,سُہ چھُ میون قریبی رِشتہٕ دار۔
699,أمِس چھِ وۄنۍ أکِس سکوٗلس منٛز مُستقل نوکری میلیمٕژ۔
700,پوٗرٕ مُلکس منز چھُ بحران۔
701,پاگنینی اوس اکھ شاندار وایلن سٹار۔
702,جُٲیزشس منز آو نٕہ دستاویزُک کانہہ تصدیق یِنٕہ وول ثبوت لبنٕہ۔
703,میٖٲنِس مَزلس چھُ گامس منز اَکھ فارم۔
704,مے كٔریو نہٕ آزماوُن۔
705,میٲنس ہمسایہِ سُند بارن چُھ واریاہ خوبصورت۔
706,چٹھہِ ہُند مسودٕ چھُ تیار۔
707,اَسہِ چھُ ضرورت مندن ہٕنٛز فلاح و بہبود خٕلطرٕ کٔٲم کرٕنۍ۔
708,سُہ اوس اِنتہٲیی اندھاسٕہ وول۔
709,مےٚ كوٚر تَس ہوٗٲئی جہازس پیٚٹھ گژھنس پیٚٹھ رضامندی حُٲصِل۔
710,ڈاکٹرن کٔر بؠمٲر صرف امہِ کِس بُنیٲدی مرحلس منٛز ٹھیٖک۔
711,اسہِ چھِ اتھ مسلس متعلق عوٲمی بیدٲری بڑاونٕچ ضرورت۔
712,کمپنی ٲس دیوالیہ گژھن کِس دہانس پیٹھ۔
713,تُہۍ گژھو مُصیبتس منز، بس میٖلٕنۍ الفاظ تھٔٲوو نِشان زد۔
714,اَتھ کامہِ منٛز چھُ سون مقصد دۄگنہِ۔
715,یِہ چھُ اکھ بریکِنگ خبر۔
716,ہنی کومبس كریو نہٕ خلل۔
717,ڈاکٹرو كور سُہ بُخارِ ستہِ ٹھیٖک۔
718,تٔمۍ چھُ گۄڈٕ پیٹھ پننِس باسس متعلق اکھ رائے بنٲومٕژ۔
719,کیٖمیٲیی کمپٕنۍ چھےٚ سانین دٔریاوَن تہٕ ماحولس زہر آلود کران۔
720,مےٚ ووٚچھ کتاب ہُنٛد صرف ٲخری باب۔
721,سُہ چھُ وُنکینس دہلی یونیورسٹی ہُنٛد وائس چانسلر۔
722,تٔمۍ کٔر پنٕنۍ موٹر سائیکل گیراجس منٛز۔
723,یہِ چھُ اکھ مُشکل تجویز۔
724,خوش قٕسمتی سان گوٚو نہٕ کانٛہہ زخم تہٕ کارخانس اوس کم کھوتہٕ کم نقصان۔
725,شیلفس پٔتٹھ کِتابِہ گُٲریو۔
726,سُہ گوو کَتھ باتھَس منز رُکنس دوران نیبر۔
727,تٔمۍ کٔر راتھ اجلاسٕچ صدارت۔
728,نیبرٕ كن چُھ وُچھان۔
729,سۄ چھےٚ فطرتس منٛز شرارتی۔
730,ٹیچر سٕندۍ مرنہٕ سٍتۍ گوو طٲلبہِ عٔلمو تھرتھر۔
731,توہِہ چھا پنُن پنسل تیز كورمُت؟
732,عمارتس آو دھماکہٕ كرنہٕ۔
733,تِمن آو جنگی چیخ کرنُک حکم دِنہٕ۔
734,ہجوم چُھ میچ وُچھنہٕ خٕٲطرٕ بے صبری سان انتظار کران۔
735,تٔمۍ ہیوٚت پننِس خانٛدرٕ کِس دۄہ خٕٲطرٕ اکھ شاندار پَلو۔
736,بہٕ چھُس یژھان اکھ نوو خوردبین ہینہِ۔
737,مےٚ كوٚر بندوق احتیاط سان اہدافس كُن۔
738,پلگ کڑو نہٕ نیبر۔
739,یِہ چھُ مشور دِنٕہ یِوان زِ پریتھ چیزُک صحیح پیمٲئش کرُن یُس أسۍ ہیوتمُت چھُ۔
740,سزا گژھِ جرمس متنٲسب آسنہٕ۔
741,از چھُ کہہ طٲلب علم غٲئب۔
742,مے پزِ از تتہِ گژھُن۔
743,تٔمۍ پھُٹٕزوۍ شیٖشہٕ ٹُکڑن منٛز۔
744,كار گٔیہِ أکِس کلس سۭتہِ ٹُکرٕ۔
745,یِہ چھُ اکھ ورجنؔ زیتونُک تیٖل۔
746,سۄ چھےٚ أمِس خٔٲطرٕ واریاہ حٲفاضتی۔
747,أمِس مِلییہِ أکِس کالجس منز پارٹ ٹایم نوکری۔
748,تُہۍ کِتھٕ کٔنۍ ہاکو ییوٗت انتقٲمی ٔٲسِتھ؟
749,توہِہ چھِو اَز صُبحس اصل موڈس منز۔
750,اَسہِ چھِ تقریباً تمام اصول اپناوٕنۍ۔
751,اسہِ چھُ یہِ فٲصلہٕ کرُن زِ کیا کرُن۔
752,تمٔۍ دِژ مے خبردار زِ چولہا چھِ وُنہِ تہِ گرم۔
753,سُہ اوس اکھ نامزد جج۔
754,تٔمۍ زیٛوٗن یہِ کھیل صرف دستکٲری تہٕ دھوکہٕ دُزری سۭتہِ۔
755,ییلہِ بہٕ چھٹی پیٹھ چھان سُہ کرِ یہِ کٲم۔
756,توہِہ ہِیکو صورتِ حالُک پنُن جُلیز تہٕ لگٕٲوِتھ۔
757,شہرس چھُ پنٕنۍ عوٲمی نقل و حمل بہتر بناونٕچ ضرورت۔
758,ایوارڈٕچ تقریب یی ؤمؤ؟ؤؤؤ ہفتہٕ منعقد کرنہٕ۔
759,أسۍ چھِ کم کھوتٕہ کم ٹیکس ادا کران۔
760,لٲبی منٛز چھُ اكھ وُچھنہٕ یِنہٕ وول تۄہہِ انتظار کران۔
761,مےٚ چھُ پننِس خاندان کِس دولتُک ژوٗرِم حِصہٕ میلمُت۔
762,سۄ ٲس دِلکش، ذہین تہٕ پرجوش۔
763,سُہ گوو وندٕ کِس ٲخرس منز تتہِ۔
764,تمٔۍ سٕنز آنٹی چھے اکھ ٹیچر۔
765,اداکارن کٔر صرف سٹیجس پیٹھ کٲم۔
766,یہِ چھُ قصبس منٛز اکھ زیٖٹھ پیدل سفر۔
767,تٔمۍ سٕنٛز موج چھےٚ تٔمۍ سُنٛد خُٲطرٕ ٹراؤزو ہیٚنہٕ آمٕژ۔
768,رؠتہٕ کالُک پلو گژھِ دھونہٕ خٲطرٕ واشرمینس سوزنہٕ یِنۍ۔
769,یہِ چھُنہٕ دوٗر ؛ تہُۍ ہیکو تتہِ واتنہٕ خٕٲطرٕ پیدل گٔژھتھ۔
770,یہِ كھور چھُ ہٲتھی دانتہٕ سٕتہِ ہینڈل کرنہٕ یِوان۔
771,چکرس منز چھُ نہٕ پہرِ حرکت کران۔
772,شٲعرن کور پننِس نظرس منز بِہارُک جوہر حُٲصل۔
773,علی ین کوٚر عائشہ ہس سۭتہِ خاندر۔
774,أمِس چھُ پنٕنۍ شناختُک ثبوت دِن۔
775,زنانہِ آسہٕ غمہٕ ستہِ كھسان۔
776,تمہِ چھِ تس دھوکہٕ دِژمٕژ۔
777,کمرس منٛز دُٲخل گژھنہٕ برونٛہہ کٔرِو ہمیشہِ کمرُک درجہٕ حرارت چیک۔
778,توہِہ چھُوٕ نہٕ میوٗن ٹوسٹ صحیح پٔٲٹھۍ بٹر کورمُت۔
779,سُہ چھُ أکِس شُٲہی ریاستس سٍتۍ تعلق تھاوان۔
780,تربوز اوس مزٕ دار۔
781,مے کٔر تمٔۍ سٕندِس کاربارس منز سُہ مدد۔
782,یژھ تلاش آسہٕ صرف کنہِ خاص حالاتن منٛز ممکن۔
783,مے چھُ ملین ڈالر۔
784,سُہ چھُ پننٛآن مُلٲزِمن کم ادایگی دِوان۔
785,ایٹم بم چُھ بنی نوع انسانس خٕٲطرٕ اکھ سنگین خطرٕ۔
786,اتھ درمیان تنازعہٕ حل کرُن چُھ بہتر۔
787,مے چھُ سمندری جانور وُچھُن پسند۔
788,پلیسن تھٔٲو مشکوک سٕندِس گرس پیٹھ نظر۔
789,ہوا چُھ 70% کھوتہٕ زیادٕ نائٹروجنس پیٹھ مشتمل۔
790,سلفر جلنہٕ سٍتۍ چُھ خرگوش دوٗر روزان۔
791,اَتھ حٲدثس متعلق ووت تۄہہِ کتھہٕ کنہِ؟
792,سٲنۍ وُسٲئل چھِ غیر فعال حالتس منٛز۔
793,تمٔۍ سٕنز نوو کٲم چھِ پرانہِ کٲمِس برابر۔
794,اَتھ اِنختارس منز ووچھ تَس زِ تمِہ وُچھ اکھ بھوت۔
795,سوفا چھُ ٹُکڑن منز دِنٕہ یِوان تٕہ اسِہ چھِ یِہ جمع کرٕنۍ۔
796,سُہ اوس جانمُت زِ تِم چھِ تس ژھانڑان۔
797,تٔمۍ کوٚر تقریٖب کِس ٲخرس تام دُٲخل۔
798,سُہ چھُ پننِس پونسہٕ سۭتۍ واریاہ نزدیک۔
799,شہر چھُ مغربی بنن شروع كورمُت۔
800,سۄ ٲس زیٖٹھہِ سفرہ پتہٕ كھوٚرمُت۔
801,أمِس چھُ غلط فٔٲصلٕہ کرنُک رُجحان۔
802,تس اوس أکۍ وایپرن ژاسمُت۔
803,اُستادن کٔر طٔٲلب علمن ہٕنٛز جماعت۔
804,بہٕ چھُس نہٕ کٲم کران کینہہ کھآوان۔
805,سۄ چھےٚ وزنہٕ آمٕتۍ بانہٕ تھٔٲوِتھ۔
806,تٔمۍ تُل سارِوٕے کھۄتہٕ خوٗبصوٗرت پَلو۔
807,جسمٲنی ورزش ہاکن تہند جسم تہٕ دماغ تناؤ نش آزاد کٔرتھ۔
808,یہِ روٹ ترٲوو نیبر۔
809,سۄ چھےٚ دفترٕ کِس انتظامس منٛز تفویض کرنہٕ آمٕژ۔
810,تمہِ گیووُن اکھ خوبصورت نمبر۔
811,اُستادن کٔر طٔٲلب علمن یِہ موضوع وضاحت۔
812,بہٕ ہیٚکہِ بہٕ یُس یژھان چھُس سُہ کٔرِتھ۔
813,سۄ آسہٕ ییٚمہِ ؤرۍ یہِ پنداہ وُہر۔
814,میکینکن کٔر گٲڑۍ ہٕنٛدۍ تباہ شُدٕ اجزا تبدیل۔
815,مے لگٲو دودھٕچ بوتُل اَمہِ منزٕ کینہہ ننہِ پتہٕ بند۔
816,تِم آیہِ ٲخری لمحس منٛز مایوسی نِش بچاونہٕ۔
817,سُہ چھُ ذہنی طور چیلنجڈ۔
818,شرؠن ممہٕ نِشہِ بچاو چُھ واریاہ ضرورت۔
819,سُہ چھُ شہرُک مشہوٗر ونٹنر۔
820,تِمو چھُ اکھ موسمی سیٹلائٹ زٔمیٖنَس أنٛدۍ پٔکۍ مدارَس منٛز تھوومُت۔
821,طوفانن کوٚر وٲرون پیٹھ تھونہٕ آمتس سامانس بری طرح نقصان۔
822,سۄ ٲس ہمسایہِ علاقس منٛز پیدل پکن والؠن ہٕنٛدِس أکِس گروپس منٛز شُٲمِل گٔمٕژ۔
823,ییلہِ أسۍ آگرہ گٔیۍ أسۍ تاج محلٕچ تصویر۔
824,آرڈرلی چھُ پنٕنۍ کٲم واریاہ ایماندٲری سان کران۔
825,أسۍ کوٚر یہِ مُسئلہٕ کامیٲبی سان حل۔
826,طٲلب علمن ہٕنٛز محنت چھِ مُستقبِلس منٛز اصٕل عہدٕ حٲصِل کرنہٕ خٕٲطرٕ سخٕت۔
827,بہٕ چھُس ہمیشہِ تۄہہِ متعلق سوچان۔
828,یہِ اوس واریہو مذہبی مٲہرینو مسترد کورمُت۔
829,یہِ چھُ روزنہٕ خٕٲطرٕ اکھ اصل جاے۔
830,اَسہِ پزِ نہٕ باقین گھرن منز دراندٲزی کرنہِ۔
831,أمۍ سٕنزِ وضاحتہٕ نِش کرو نکار۔
832,بیڈ چھُ اکھ بٔڑ جایِہ تھاوان۔
833,اُستادن پَزِ پنٕنہِ اِدراکٕچ طاقت بہتر کرنہٕ۔
834,اکھ گوس اوس صحنس منٛز وُچھان۔
835,بہٕ چھُس رتہٕ وار دۄہ پننین بِژٕ بُزۍ بٔنۍ زنان۔
836,رتیش چھُ پریتی سٍتۍ نفرت سان پورٕ۔
837,دیانت چِھ بہترین پالیسی۔
838,سرحدی تنازعہٕ گوٚو دۄشوٕنی مُلکن درمیان جنگُک بُٲعث۔
839,بہٕ چھُس أکِس ووکیشنل سکوٗلس منٛز گژھان۔
840,رام چھُ ہمیشہ راتھ گُٲڑۍ چلاونس نِش بچنٕچ کوٗشش کران۔
841,اَسہِ چھِ یہِ جاے تراوان۔
842,مے ترٲو مندرجہِ بالا ونڈو یلہٕ۔
843,سُہ چھُ اصل اصل پیٹھٕہ یِوان۔
844,ژٕ ہیکو مے سٍتۍ یُتھ؟
845,تِمو کٔر دُکان پیٚٹھ بہترین سبزی حٲصل۔
846,مہربٲنی کٔرتھ آؤ ییتۍ۔
847,تمٔۍ تھٔٲو چائے ہٕنز کیٹل ٹیبلس پیٹھ۔
848,أسۍ ہیکو یہِ جاے رؠتہٕ راتھ سجٲوِتھ۔
849,سُہ چھُ اکھ غیر جانبدار شخص۔
850,وۄنۍ ییٚلہِ توہہِ یہِ كورمُت چھُ، بہٕ وُچھان۔
851,لانگ فیلو سٕنٛز جائے پیدائش چھےٚ وۄنۍ اکھ کرایہِ۔
852,واریٛاہ سیٲسی رہنُما چھِ ذِزتی فٲئدٕ خٕٲطرٕ فرقہٕ وارانہٕ تشدُدٕچ حمایت کران۔
853,بہٕ چھُس یژھان تُہۍ لیٖکھو اکھ مضموٗن۔
854,اَتھ منز چھِ اَکھ اصل کینٹین۔
855,میٖٲنِس مَزلس چھُ گامس منز اَکھ فارم۔
856,غٲر ملکی درآمداتن پٲٹھ آو عام ٹیرف لگاونہٕ۔
857,سُہ بنیوو أکِس وایرلِنٹ اِنفیکشنُک شِکار۔
858,یہِ کُس سٕنز گُٲڑۍ چھے؟
859,ٹیرین بلڈنگ چھُ چینی ملک کِس أکِس خاص علاقَس منٛز اکھ خاص قٕسمٕچ تعمیر۔
860,بالہِ ہٕندس بسس كور أکس سوراخس منز پنُن وتھ۔
861,بہٕ کرس تہُۍ سٕندِ طرفہٕ کتھٕ۔
862,أسۍ چھَنٕہ نوو برانڈ لانچ کرنٕہ خٕلطرٕ کٲفی حدس تام لیس۔
863,نوکری خٕٲطرٕ چھِ خاص تربیتٕچ ضرورت۔
864,بہٕ ہیٚکہِ نہٕ وُنکیٚنس پانس یہِ پوشاک ہیٚنُک مُتحمل ٔزسِتھ۔
865,بہٕ اوس پنُن پان پننِس بٔڈِس بینہِ مطٲبق بناوان۔
866,محنت چھُ کامیٲبی ہُند وتھ۔
867,تٔمۍ گُزٕٲرۍ زٕ راتہٕ جنگہٕ سٍتۍ تباہ شُدٕ شہرس منٛز۔
868,ابید چھُ پارلیمنٹُک رُكن۔
869,حجام سٕندِس چھرس لگٲو أمِس گُل۔
870,فوجن سونچ زِ مزید نقل و حرکت ہیکہِ خطرٕ ٔ زٔسِتھ۔
871,وقفہٕ پتہٕ کٔر اَسہِ دوبارٕ جوش سان کٲم شروع۔
872,جج گوٚو نہٕ ثبوٗتو سۭتۍ پوٗرٕ پٕٲٹھۍ قٲئل۔
873,پلیسس مُشکِل گو ہجومس پیٹھ قوبوٗ كرنس منٛز۔
874,مے چھُ کٲفی پسند۔
875,تۄہہِ پَزن مےٚ معٲفی مانگنہٕ۔
876,ٹینرَن کٔر پنٕنۍ کم گژھَن واجیٚنۍ توانایہِ بڑاونہٕ خٕٲطرٕ جلدٕی ژھنپ۔
877,مےٚ دیُت صرف أمِس اکھ میسج۔
878,مےٚ چھُ تۄہہِ یِتھِس مشہوٗر فنکارس سۭتۍ تعارُف کٔرِتھ واریاہ خوشی گژھان۔
879,حٲدثس منز رَٲو تٔمۍ اکھ زنگ۔
880,سُہ پیوکھ اکہِ زورٕ سۭتۍ بۄن۔
881,مےٚ گُزٕٲرۍ شیٚیہِ رؠتہٕ بطورِ وزیٹِنگ پروفیسر۔
882,خوفزدہ شُر گوو ژلان۔
883,از چھُ آسمان سنتری رنگُک۔
884,سۄ ہیٚکہِ نہٕ وۄنۍ أمۍ سٕنٛز ثالثی برداشت کٔرِتھ۔
885,تِم سٲری چھِ پارٹی منٛز مدعو کرنہٕ آمٕتۍ۔
886,سانہِ مقصد چھُ کھیلہِ ذریعہ ہیٚچھُن۔
887,ییلہِ تہِ سُہ ہندوستان یوان چھُ، سُہ چھُ اَسہِ سٍتۍ مِلان۔
888,سُہ چھُ اکھ صاف ستھرا کارکُن۔
889,جُلیزو کور ثبوتن پیٹھ بحث تہٕ کورُن تمہِ پتہٕ پنُن فُٲصلہٕ۔
890,میٖٲنۍ بل میلنہٕ وِزِ كر تِم مے چیک پوسٹ۔
891,سُہ دیُت عدالتس منٛز مقدمس متعلق گواہنہٕ۔
892,یتہِ پنٹھ اندور واتنس چھُ واضح زِ دۄہ یِوان۔
893,أمِس میوٗل دوٚیمہِ کوٗششہِ منٛز ویزا۔
894,أسۍ چھِ وۄنۍ تمام قٕسمُک صنعتی مصنوعات برآمد کران۔
895,سۄ چھےٚ اکھ عظیٖم کردارٕچ زنانہٕ۔
896,تمٔۍ تٔلۍ شہرِ ہُند بیٖم۔
897,سۄ چھےٚ پانس پلو لگاونس منٛز وقت دِوان۔
898,اتھ متعلق چُھ عظیم چیز یہِ زِ أسۍ چُھ ویڈیو کانفرنسن پیٹھ اکہِ سٍتۍ کٲم کران۔
899,سُہ لڑکہ یُس توہِہ یہِ کتاب دیوت اوس آومُت۔
900,تِمو کوٚر اکہِ سۭتۍ کٲم کرنس پیٹھ اتفاق۔
901,گاوس چھُ اکھ بیمار كھور آسان۔
902,کفایت شعٲری چھِ اکھ عظیم معیار۔
903,پنُن نزِ کرو ٹٔشو سٍتۍ مسہِ۔
904,سُہ چھُ مے اکثر میٖلٕنۍ المیہ یاد کران۔
905,خشک پوشن ہُند شاندار رنگ۔
906,تِم چھِ کٲفی رقم وصول کران۔
907,سُہ چھُ پننِس محبوبس سٍتۍ فرار گژھنُک منصوبہٕ بناوان۔
908,ییٚتہِ چھِ صرف خاندر کرنہٕ آمٕتۍ جوٗرۍ اجازت۔
909,أسۍ بییے دھوپس منز تہِ کرو دوپہرُک کھؠُن۔
910,أسۍ ڈاکٹر چھِ جانان زِ بیکٹیریسیڈل چھُنٕہ ضروری طور وایرسائڈل۔
911,مے چھُ سبز سبزی کھؠُن پسند۔
912,شِکارِ سُند ہدف اوس اکھ ہرُن۔
913,بہٕ چھُس تۄہہِ التجا کران زِ مےٚ ؤنۍ۔
914,بہٕ چھُس نہٕ وۄنۍ زِندٕ روزُن یژھان۔
915,یِمو منز چھُ کانہہ مُسٲفِر از یِیتِہ۔
916,تٔمۍ دیُت مےٚ وایلیٹن ہُنٛد اکھ خوبصورت جھنڈٕ۔
917,تہُۍ ہیٚکو نہٕ أمِس باقیو نِش الگ کٔرِتھ۔
918,تٔمۍ ہیوٚت وندہ خٕٲطرٕ اکھ اصل الیکٹرک ہیٖٹرِ۔
919,تۄہہِ پزِ بیٚیہِ اکہِ لٹہِ پنٛنیٚن جیٚبن منٛز چیک کرٕنۍ۔
920,ییلہِ بہٕ ووت، کاؤنٹر اوس بند۔
921,بہٕ چھُس پیدل پکنس پیٹھ تھکمُت، امہِ علاوٕ چُھ نیبرٕ روٗد پیووان۔
922,مُتٲثرس اوس كھور دِنہٕ آمُت۔
923,تجاویزس پیٹھ یی منظوری خٲطرٕ غور کرنہٕ۔
924,ڈاکٹرن چھُ پنُن پان پننٕیو جذباتو نِش الگ کرُن۔
925,تمٔۍ سُند ناو بنٲیو بٔڑِس حرفس منز لیٖکھِتھ۔
926,تٔمۍ سٕنٛزن بیمارن ہٕنٛزٕ علامتہٕ چھےٚ بُخٲر تہِ لگاتار خشُک ژاس۔
927,سُہ چھُ ہمیشہِ سٹیج پروگرامن منٛز اہم کردار ادا کران۔
928,اکھ الگ گژھنُک وزُن اوس تِمن دۄشوٕنی پَؠٹھ۔
929,کٲم کیو زیٖٹھیو گُٲنٹو چھِ مےٚ تھکاوٹ دِژمٕژ۔
930,سُہ چھُ واریاہ مشہوٗر اداکار۔
931,سُہ چھُ اَکھ سستِہ اِنسان۔
932,أمِس گوو پننِس كھنڈس پیٹھ اكھ تھپ محسوٗس۔
933,مےٚ دِژ پننِس دوستس امتحانس منٛز کامیٲبی خٔٲطرٕ مُبارک باد۔
934,اتھ جنگس منز گُزرییہِ واریاہ سپاہ۔
935,پریتھ دۄہ پیوو اکھ گلاس دودھ۔
936,كانہہ تہِ ہیكن نہٕ سانہِ دوستی ركٲوِتھ۔
937,آکسیجن وول خون چُھ پلمونری شریانو ہٕند ذریعہ دلس منز یوان اننہٕ۔
938,کیٛا توہہٕ چھِوٕ معلوٗم زِ کمپیوٹر کِتھ کٔنۍ چھِ چلاونہٕ یِوان؟
939,پریتی چھے أکِس رؠتس چھٹی پٲٹھ نیبر۔
940,تمٔۍ دِژ أمِس مصیٖبت نِش بچاونہٕ خٲطرٕ نوکری۔
941,سُہ چھُ امِہ اِدارُک ڈایریکٹر۔
942,ہوہس منز ٲسہٕ جھنڈٕ لہراوان۔
943,تٔمۍ سٕنٛزِ ناکٲمیو کوٚر تٔمۍ پریشان۔
944,کیٛا تُہۍ چھِوٕ پننِس جُلیزٕ ہُنٛد انتظار کران؟
945,یہِ اوس جلدی یا پتہٕ گژھنُک پابند۔
946,سۄ چھےٚ توانایہِ سۭتہِ پوٗرٕ۔
947,سُہ چھُ کِرکٹ چیمپئن۔
948,تٔمۍ لگٲو رُکنہِ خُٲطرٕ گٲڑۍ جھنڈی۔
949,کِتابن ہِنٛز درجہٕ بٔنٛدی چھےٚ وُنیُک تام کرنہٕ یِوان۔
950,تمہِ كور بچس دوند ژھننہٕ باپت كھوٹہٕ۔
951,ماجہِ تھوو سٲنس ژیرِ نیبرٕ روزنس پیٹھ ویٹو۔
952,سُہ چھُ بیانیہ ادبُک پروفیسر۔
953,اسہِ چھُ نہٕ زانہہ تہِ آبُک قۭمت معلوم یوتام نہٕ کُنہہ خشک آسہِ۔
954,تٔمۍ اوس اکھ پرٛٲنۍ پَلو لگٕٲوۍمٕتۍ۔
955,پانٛژن ؤرۍ یَن ہٕنٛدۍ شُرۍ چھِ عموٗمَن بَسُن تہٕ ٹرٛینَن منٛز مُفت سفر کران۔
956,مےٚ كوٚر صُبح كھپنہٕ باپت كھیلہٕ سۭتہِ روٹ۔
957,ییٚتہِ فراہم کرنہٕ یِنہٕ وول کھیٚن چھُ باقیہِ نزدیٖکی دُکانو کھۄتہٕ بہتٔریٖن۔
958,تِمو کوٚر یہِ مسئلہٕ حل کرنہٕ خٕلطرٕ اکھ اِجتِمٲعی نقطہٕ نظر اختیار۔
959,اتھ تالابس منز چھِ رینگن وَٲلۍ جانور۔
960,سُہ چھُ اکھ واریاہ جذبٲتی شخص۔
961,کھیٚن حٲصِل کرُن اوس مُشکل۔
962,شُرس چُھ كُنہِ پیٹھ زخم۔
963,جرٲحی تکنیکہٕ چھے لگاتار بہتر بناونہٕ یوان۔
964,یِم تمام طریقہٕ گژھن دُرُستگی ہٕنٛدِس حوالہٕ سۭتۍ تصدیٖق کرنہٕ یِنۍ۔
965,أسۍ ہیٚکو بسٹرو ہس برۄنٛہہ سمکھِتھ۔
966,أمۍ سٕندۍ مٔٲلۍ کور أمِس یہِ کرنہٕ نِش منع۔
967,تٔمۍ سٕنٛدِس ہِدایتس پیٚٹھ چُھ مےٚ 10 بوتلن ہُنٛد آرڈر دیُتمُت۔
968,مےٚ چھِ باغبٲنی واریاہ علاج پسند۔
969,تٔمۍ چھُ پنٕنۍ بولنُک طاقت کھومُت۔
970,أسۍ ترٲو صرف تمہِ وِزِ ییلہِ سڑکہِ صاف آسُن۔
971,مےٚ چھُ پننِس عزیزس واریاہ کمی محسوٗس گژھان۔
972,میٖٲنِس کلاسس منز چھِ ہتھ طُٲلب علم۔
973,سُہ چھُ تفریح ژھانڑان۔
974,اَسہِ چھِ معذورن خٕلطرٕ حالات بہتر بناونٕچ ضرورت۔
975,تٔمۍ چھُ پنٕنۍ تمام دستاویز فائلِنگ کابینِہ منز ذخیرٕ کورمُت۔
976,اکھ بچہ تہٕ ہاکہِ یہِ سمجِتھ۔
977,مے ہیژٕ حالے اکھ نوو گُٲڑۍ۔
978,ییٚلہِ بہٕ گُر ووت مےٚ میوٗل پننِس مٔزٕلۍ سٕنٛدِ طرفہٕ اکھ والپنگ۔
979,مے چھُ شک زِ سُہ آسہِ پارٹی منز۔
980,گوشت چُھ پروٹینس سٍتۍ مالا مال۔
981,تٔمۍ سٕنٛز گاڑِ چھِ اکہِ نوِ انجنٕچ ضرورت۔
982,سُہ چھُ مے کُنہِ ساتہٕ سمکھان۔
983,کراوٹ نؠبر کٔڑن مٔشرو۔
984,سُہ چھُ اکھ کلاس شٲعر۔
985,گاڑِ ہُند پٹرول فیڈ چھُ بنٛد کرنہٕ آمُت۔
986,تِہُنٛد پَلو اوس نہٕ سخت موسمس خلاف ثبوٗت۔
987,أسۍ زٔسۍ سٲحلس پیٹھ كھسان۔
988,یِم وِٹامن گولٕہ کٔر گٔمٕژ طاقت بحال۔
989,تٔمۍ چھِ مُختلف ذریعہ سٍتۍ زانکٲری حَٲصِل کٔرمٕژ۔
990,شیٖنہٕ كرنہٕ سۭتہِ گٔیہِ سڑکہِ ہِنٛدِس تعمیٖرَس منٛز رُکاوٹ۔
991,دٔلیٖلس منز چھُنٕہ پو سچٲئی ہُند کانہہ نِشان۔
992,سُہ آسہِ ریلوے پلیٹ فارمس پیٚٹھ تۄہہِ انتظار کران۔
993,پیکج چھُ 24 نومبرك۔
994,مے گوڑنٕچ ناولہِ کھوتہٕ زیادٕ مزٕ آو تٔمۍ سٕنز دویِم ناول پرنس۔
995,ٹایر چھُ لگاتار استعمال کرنٕہ كنٕہ لگاونٕہ یِوان۔
996,یہِ مُقدمہٕ آو سپریم کورٹس منٛز پیش کرنہٕ۔
997,تۄہہِ پزِ بیوقوفی ہٕنٛزن عملن منٛز مُلوَث گژھنہٕ نِش بچُن۔
998,یِہ چھُ اکھ چیز یُس تکلیف دَہ ویسیکیشنُک سبب بنان چھُ۔
999,گھرس نؠبر اوس بَڑٕ آواز۔
1000,زنانن پَزِ حملہٕ پتہٕ خیال تھاونہٕ یُن۔
1001,تٔمۍ سٕنٛدیٚن لفظن چھُ دۄگنہٕ معنی۔
1002,مےٚ چھُ پننِس گرس منٛز لامحدود تعدادس منٛز قلم۔
1003,سُہ چھُ واریاہ بدتمیز وُچھنٕہ یِوان۔
1004,اتھارٹی دیُت أکِس بلڈنگ پُلانس منظوری۔
1005,میٖٲنۍ بصارت چھےٚ دۄہ دَر دۄہ خراب گژھان۔
1006,تٔمۍ سٕنٛدۍ اصل اِرادٕ باووٚجوٗد آو سُہ غلط سمجھنہٕ۔
1007,اتھ نقطہٕ پیٹھ چِھ سنجیدگی سان غور کرنچٕ ضرورت۔
1008,کھیل کِس مٲدانس منٛز اوس واریاہ میٚژ۔
1009,خطرٕ بے اثر کرنہٕ خٕٲطرٕ آیہِ ضروٗری کاروٲیی کرنہٕ۔
1010,مےٚ چھُ فرانسیٖسی کھیٚن پسند۔
1011,کلہٕ بناونہٕ خٔٲطرٕ لگو واریاہ وقٕت۔
1012,مےٚ ہیوٚت پننِس خٕٲطرٕ اکھ نوٚو سایکل۔
1013,کیاہ توہہِ چھُوٕ اكھ چکر مُکمل کورمُت۔
1014,کیا یہِ چھُ سٲنۍ ٹیبل؟
1015,اگر تُہۍ صِرف کارکُن متحرک کٔرِتھ ہیکو تیلِہ گژھِ کَٲم آسٲنی سان کرنٕہ۔
1016,تٔمۍ دیُت تس پارٹی منٛز شرکت کرنہٕ خٕلطرٕ اکھ نوٹ۔
1017,سائنس چُھ ہمیشہ سچچ نشاندہی کرنٕچ کوٗشش کران۔
1018,سڑکہِ پیٹھ چُھ تمام گرِ وقتہٕ وار لگاونہٕ یوان۔
1019,أمِس پٲٹھ چھُ أکِس سنگین جُرمُک الزام لگاونہٕ آمُت۔
1020,مےٚ كٔریو بطورِ دوست۔
1021,بصری تصویر بنییہِ حقیقی۔
1022,یِم لڑکہ چھِ واریاہ اصل کھُلٔٲڑۍ۔
1023,سُہ چھُ بطورِ ویٹر کٲم کران۔
1024,اتھ وندس منز چھِ بہترین خریدٔزری گُٲتر تٕہ مٹر۔
1025,تمٔۍ سٕندۍ مٔچۍ ٲسۍ زیٖٹھۍ۔
1026,تمہِ دِژ پننس خاندار سٕندِس بُٲیِس خاندارینہِ اکھ سنہری زنجیرٕ۔
1027,ساینس دانن ہُند اکھ گروپ آو کینہہ تحقیقہٕ خٲطرٕ امریکہ سوزنہٕ۔
1028,أسۍ گٔیۍ اکہِ لٹہِ تتہِ۔
1029,ناوس منز گوو سہلہٕ تہٕ گوکھ ڈبُن شروع۔
1030,اَمہِ محادِ ہُنٛد جُلیزٕ اوس وکیلن احتیاط سان کوٚرمُت۔
1031,ٲخری رؠتٕہ كور أمِس شرارتُك اكھ نِشان محسوٗس۔
1032,تِم چھِ پننٛآن گالن رنٛگ دِنہٕ خٕٲطرٕ سنترُک استعمال کران۔
1033,کیٛاہ تۄہہِ چھا کانٛہہ مددٕچ ضروٗرت؟
1034,حکومت ٲس اتحادس منٛز بناونہٕ آمٕژ۔
1035,ہنگامہٕ گوٚو بطورِ پُرامن احتجاج شروع۔
1036,یہِ وتہِ چھِ جنگلو ذریعہ دریاوس کُن گژھان۔
1037,ٹرین گٔیہِ پٹری پیٹھہٕ پٹیہ پیٹھ۔
1038,ہارنہٕ باووٚجوٗد اوس ٹیمس منٛز حوصلہٕ افضٲیی وُنہِ تہِ زیادٕ۔
1039,کمرٕ کِس کوٗنس منٛز اوس اکھ ٹیبل کھڑا۔
1040,أسۍ ہیکو اکھ بہتر حکمت عملی تیار کٔرتھ۔
1041,اتھ شہرس چھُ پٔتمِہ وقتُک اکھ الگ مزٕ۔
1042,کھیل اوس شاندار۔
1043,اَسہِ ٲس اکھ مختصر کَتھ باتھِ گٔمٕژ تہٕ پتہٕ گٔیہِ سۄ۔
1044,أمِس پٲٹھ آو مُجرملس مدد کرنُک الزام لگاونہٕ۔
1045,جانن کٔر پننِس پانس پننِس دوستس سٍتۍ موازنہٕ کرنٕچ کوٗشش۔
1046,تٔمۍ چھُ پیتھولوجی پنُن اہم موضوع اختیار کورمُت۔
1047,بہٕ چھُس سکوٗل کِس بینڈس منٛز ٹرمپیٹ وایوناوان۔
1048,تۄہہِ کمہِ میوٕ چھُ پسند؟
1049,أسۍ کٔرۍ کوچہِ سۭتۍ سٲحلس تام سفر۔
1050,آواز آیہِ کمرٕ کِس کانہہ ژورِم حِصس منز۔
1051,جدید دُنیاہس منز چھُ روحٲنی بُلندی ہُند اِمکان۔
1052,یہِ ٲس فوجٕچ فتح۔
1053,تِمو چھُ اکھ نوٚو نظام مُتعارُف کوٚرمُت یَتھ منٛز تمام مُلٲزِمن باقُٲعدٕ تربِیت حَٲصِل گژھَن کرنہٕ۔
1054,سُہ چھُ واریہن ؤرین پیٹھٕہ سانین چیزن ہُند کلائنٹ۔
1055,خلاصس منز اوس یِہ اکھ مایوس کُن کارکردگی۔
1056,سُہ چھُ جھوٹ وننُک 'اوجت'منز دُٲخل گومُت۔
1057,وزیر اعظمن کٔر کتھ باتھ خُلطرٕ پننِس کابینہ سٍتۍ مُلاقات۔
1058,ماؤس اوس فرشس پیٹھ۔
1059,تمٔۍ سُند خاندار چُھ تس پیٹھ غلبہٕ تھاوان۔
1060,حٲدثہ كور گوٚو؟
1061,روٹ چھُ آٹو سٍتۍ بنان۔
1062,حالانکِہ آسٕہ دِژ تَس پونسٕہ، مگر تٔمۍ ہیوت نٕہ یِہ کِتاب۔
1063,رسی کرو لٔگِس أندۍ پٔکۍ مضبوٗطی سان لپ۔
1064,أمۍ سٕندِس کنس منز اوس آب ژلان۔
1065,صحافین ہُنٛد اکھ گروپ اوس عدالتس کُن پکان۔
1066,تٔمۍ کور پنٕنۍ غلطی تسلیم۔
1067,سُہ روٗد سراغ ژھانڈن جُلری۔
1068,أمِس چھُ کھوٗژ سوٗچ۔
1069,کیا تہُۍ چھُوِ سہلہٕ صُبحس تُلان؟
1070,ژٕ ہیٚکو چارجر پلگ آن کٔرِتھ؟
1071,أمِس پزِ ریٖتہِ کالس منز زیٖٹھ قمیٖض لاگٕنۍ۔
1072,نٔوِس مُلٲزِمن چھُ منصوبہٕ پیچیدٕ کوٚرمُت۔
1073,تٔمۍ سُنٛد جواب اوس اصل پٔٲٹھۍ متوازُن۔
1074,تٔمۍ ووٚن یہِ اوس صرف پانس سفید کرنہٕ خُٲطرٕ۔
1075,کھیت چھِ سفید کلوورو سٍتۍ بھراونٕہ یِوان۔
1076,مےٚ دیُت اتھ معاملس پیٚٹھ اکھ واضح بیان۔
1077,سۄ لۄکُٹ کوٚر چھِ ہمیشہِ خوٗبصوٗرت تہٕ رنٛگیٖن پَلو لاگان۔
1078,تٔمۍ سٕنٛدیٚن لطیفن کوٚر تناؤ کم کرنس منٛز مدد۔
1079,سۄ چھےٚ أکِس جان لیوا بیمارِ منٛز مُبتلا۔
1080,مُلکہٕ وکٹوریاہن کٔر 1837 پٔنٹھ 1901 ہس تام برطانیہس پیٹھ حکومت۔
1081,تَس چھِ اکھ خوبصورت شکٕل۔
1082,مُختلف تنظیٖمن ہٕنٛدۍ مُقابلہٕ چھِ آمٕتۍ۔
1083,أمِس چھِ سیٲسی پارٹی ہٕندین اہم شخصیتن ہٕنز حمایت۔
1084,مےٚ چھےٚ واریاہ اصل ویژول میموری۔
1085,ایندھن چُھ کھین بناونہٕ خٕلطرٕ استعمال یوان کرنہٕ۔
1086,زُلزلہٕ سۭتۍ پُھٹۍ عمارتہٕ۔
1087,تٔمۍ کٔر باکسنگ منٛز پننِس مُقابلس شِکست۔
1088,سۄ چھےٚ اکھ مریٖض بوزن واجیٚنۍ۔
1089,کُلۍ کٔٹۍ آسِہ وایرڈسینٹ۔
1090,ٹربیون چُھ پننین عملس سٍتۍ واریاہ مہربان۔
1091,اتھ متعلق چُھ عظیم چیز یہِ زِ أسۍ چُھ ویڈیو کانفرنسن پیٹھ اکہِ سٍتۍ کٲم کران۔
1092,یَس خلاف ورزی کران چھُ أمِس پزِ معٲفی ژھانڑنٕہ۔
1093,سُہ چھُ پننِس مستقبلس متعلق فِکرِ مند۔
1094,سُہ چھُ اکھ سوداگر۔
1095,أسۍ چھِ پننِس رہنما سٕندِس اتھ عملٕچ مذمت کران۔
1096,تِم ٲسِہ ہُنر مند، مگر نظم و ضبطس منز یژھان۔
1097,سُہ چھُ اَکھ بدکار اِنسان۔
1098,تمہِ روٗز پنُن قلم۔
1099,مے چھِ یہِ ویڈیو پسند۔
1100,تِمن چھِ پلاٹ تار لگاوُن۔
1101,تَس چھِ اَڑنِس نفرت۔
1102,تٔمۍ چھِ اکھ مَزٕ دار خوشبو لاگو کٔرمٕژ۔
1103,أمِس چھُ دِلن وول بُخار۔
1104,ہوٹل چھِ الٹرا ماڈرن فرنشننگو سۭتۍ سجاونہٕ آمُت۔
1105,یہِ چھُ شاید تِہٕنٛزن کامین منٛز ساروی کھوتہٕ زیادٕ مشہوٗر۔
1106,کیا یہِ چھُ نہٕ اکھ مزٕ دار صُبح؟
1107,سۄ چھےٚ تمہِ وِزِ ناراض گژھان ییٚلہِ کانٛہہ أمِس پیٚٹھ تنقید کران چھُ۔
1108,تٔمۍ سٕنز آواز ٲس جذباتو سٍتۍ بھٔرِتھ۔
1109,سٲنس گاڑِ منز چُھنہٕ ٹرک تُلنہٕ خٕٲطرٕ کٲفی طاقت۔
1110,نتٲیج چُھ ٹیبلر شکلہِ منز پیش کرنہٕ یوان۔
1111,سُہ اوس ٹورنامنٹس منٛز بہتٔریٖن کھُلٔٲڑۍ۔
1112,ڈبہٕ گژھِ لٔکرو سٍتۍ بناونہٕ یِنۍ۔
1113,مریض چھُ وُنہِ تہِ اِنکارس منز۔
1114,تٔمۍ کٔرۍ کینہہ کِتابِہ تصنیف۔
1115,مے چھُنہٕ ریس کرُن پسند۔
1116,تمہِ ووٚن پوٗرٕ دٔلیٖل واضح پٔٲٹھۍ۔
1117,تٔمۍ سٕنٛزِ آوازٕچ کمزوٗری کٔر مےٚ حیران۔
1118,سانہِ جہاز چُھ وارفس پیٹھ۔
1119,ییٚلہِ تِم مِٹھٲئی وُچھ تٔمِس اوسُس آب آو۔
1120,سۄ چھےٚ ہسپتالس منٛز۔
1121,أمۍ سٕنٛدۍ اثاثہٕ آیہِ تفتیشی ایجنسیہِ ذٔریعہٕ ضبط کرنہٕ۔
1122,مہمانو علاوٕ آسن ٲسۍ ترے دوپہر کِس لنچس پیٹھ۔
1123,بہٕ ہیٚکہِ نہٕ بیٚیہِ تۄہہِ پَؠٹھ بھروسہٕ کٔرِتھ۔
1124,سُہ چھُ بیمارو كنہِ کمزوٗر۔
1125,تمٔۍ دیُت مے بیہنُک اِشارہ۔
1126,مہربٲنی کٔرتھ ہیکُن فوری طور اچر کٔرتھ۔
1127,اَسہِ چھُ أندوارِ دۄہ خاندرس منٛز شِرکت کرٕنۍ۔
1128,أمِس ٔزِس اَتھس منز اکھ ٹنگ۔
1129,بہٕ چھُس تۄہہِ گٲڑۍ دھونس منٛز مدد کران۔
1130,فوجس آو برۄنٛہہ کھسنُک حُکم دِنہٕ۔
1131,ہوٲئی اڈنن پٲٹھ چُھ واریاہ كٹھۍ لبنہٕ یوان۔
1132,میٖٲنۍ فون گوو کمپن۔
1133,پلیٖس چھُ أمِس پَتھ کران۔
1134,دۄشوٕنی واقعن منٛز گوٚو تصادم لہٰذا پیوو اَسہِ اکھ مَس کرُن۔
1135,دروازن لگٲو أمِس بُتھِس پیٹھ كھوٹہٕ۔
1136,یہِ پروگرام چھِ پریتھ ہفتہٕ لژن وُچھن والیٚن کُن متوجہ کران۔
1137,مے وُچھ أمۍ سٕندِس کمرس منز اکھ ڈرُم۔
1138,کورِ کور دٔلیل زِ تمہِ وُچھ اکھ بھوٗت۔
1139,سُہ اوس بطورِ سی کیپٹن پننہِ زندگی ہٕنٛدۍ جنگی دٔلیٖلہٕ ونُن پسند کران۔
1140,مہربٲنی کٔرتھ كریو اکھ سُرن شاہ۔
1141,کینہہ کیمیکل چھِ آسٲنی سان خوٗنس منز جذب گژھان۔
1142,امیُک مطلب چھُ زِ تِمن پزِ اتھ طرفہٕ بڑُن۔
1143,انسٹی ٹیوشنُک پرنسپل چھُ ممبرَن منٛز واریٛاہ مقبوٗل۔
1144,بیمار تہٕ زخمی آو جنگی علاقہٕ پٲٹھ کڑنہٕ۔
1145,یوٗتاہ زیادٕ نیک آسہِ تیوٗت زیادٕ شائستہٕ۔
1146,مے گوو دیوارس سٍتۍ لڑایہِ تہٕ مے گوو پننِس كلس زخم۔
1147,اَتھ علاقس منٛز چھُ فرقہٕ وارانہٕ تناؤ پھٔہلاونہٕ آمُت۔
1148,سٹرائیک چھُ سٲنس معاشرس منٛز اکھ دۄہدش واقعہٕ۔
1149,ہوٲئی جہاز چُھ پٹرول سٍتۍ بھٔرتھ۔
1150,تہُند نوو گرٕ چھُ واریاہ سویش۔
1151,تٔمۍ کٔر مرضی تہٕ پریتھ چیز گوو اتھ مطٲبق۔
1152,اَتھ مقدمٕچ یِیہِ تحقیقات کرنٕہ۔
1153,کل؟ن ہٕنزن ڈھنگن أندۍ پٔکۍ چھِ بجلی ہٕندۍ تارٕ بلب لگاونہٕ خٕٲطرٕ لپ کرنہِ آمٕتہِ۔
1154,تھریڈ چھُ ژٹان ییٚتہِ یہِ سارِوٕے کھۄتہٕ کمزوٗر آسہِ۔
1155,اکھ مسٕہ ہاکِہ بُتھِس روشن کٔرِتھ۔
1156,سانہِ کالوٗنی منز چھے اکھ بٔڑ پارُک۔
1157,کٲم ہیٚکو سازگار حالاتن منٛز مُکمل کٔرِتھ۔
1158,یہِ کُلۍ چھُ جونِس منز پوسان۔
1159,سُہ چُھ شییمس منزلس پیٹھ روزان۔
1160,بَسس منٛز چھِ برۄنٛہہ کِنۍ سیٚٹہٕ زَنانن خٔٲطرٕ مخصوٗص۔
1161,سۄ چھےٚ شال لاگان۔
1162,شُر اوس ننگہٕ۔
1163,یہِ چھُ کؠٹھاہ مضبوٗط۔
1164,ترے ہوٗنۍ چھِ سٲحلس پیٹھ پکناوان۔
1165,زِ جُلیزٕ زٔسۍ أمِس پتہٕ پكان۔
1166,سۄ ٲس تعریف سۭتۍ خوش وُچھنہٕ یِوان۔
1167,تِمو کوٚر ڈرامہ موسیقی سۭتۍ ختم۔
1168,سُہ چھُ پاگل۔
1169,تاجر ٔزٔسۍ پنُن آٹا نمکہٕ سٍتۍ بڑاوان۔
1170,اے پی حکوٗمت چھِ تعلیٖمی مقصدہ خٕٲطرٕ زِیٛادٕ فنڈ مُفت کرنُک اِرادٕ تھاوان۔
1171,كھونہٕ كوٚر وُچھنہٕ یِنس سؠٹھاہ حدس تام محدوٗد۔
1172,سُہ ووت فری انٹری خٔٲطرٕ گارڈس کُن۔
1173,مےٚ تھٔٲِوۍ پنٕنۍ تمام زیوٗرات الماری منٛز۔
1174,نیوٹنس گوٚو اکھ شاندار خیال ییٚلہِ ساپل ژھٲنڑِتھ وُچھان اوس۔
1175,اُستادن دِژ طٔٲلب علمُن خبردار زِ تِم کرو نٕہ غلطی دوہراونٕہ۔
1176,اکھ انجینئر ہیٚکہِ یہِ مُسئلہٕ حل کٔرِتھ۔
1177,سُہ اوس زیادٕ ہُنر مند تلوار باز۔
1178,سُہ چھُ پنٕنۍ کٲم عوٗٲمی طور کرٕنۍ یژھان۔
1179,سُہ چھُ کلاسیکی اداکارن منز شُٲمِل۔
1180,مے چھِ پننآن سٲتھین ہٕندۍ تمام پتہٕ۔
1181,تٔمۍ ہیوت پننس خُٲطرٕ اکھ نوو کویلٹ یتھ منز واریاہ نرم ویڈنگ ٲس۔
1182,ریٖتہِ ختم گژھنہٕ برونٛہہ چھِ یہِ کَٲم مُکمل کرٕنۍ ضروٗری۔
1183,مےٚ میلیمٕژ دۄیہِ دۄہ چہِ ورکشاپس منٛز واریاہ زانکٲری۔
1184,تمٔۍ سُند مرُن چُھ اکھ رازٕ۔
1185,تٔمۍ سٕنٛدۍ بیان ٲسۍ تجربٔٲتی حقائقس پیٚٹھ مبنی۔
1186,میزایل آیہِ دُشمن کیمپن منٛز صفر کرنہٕ۔
1187,سُہ اوس كونہٕ پیٹھہٕ آب پمپ کرنہٕ خٕلطرٕ اکھ موٹر استعمال کران۔
1188,تٔمۍ کوٚر تِکیاہ بغٲر شۄندنٕچ کوٗشش کرنُک فَٲصلہٕ۔
1189,أمِس چھِ واریاہ اصل طرزِ عمل۔
1190,واریاہ پناہ گزین چِھ پاسپورٹ بغٲر سرحدس پیٹھ آمٕتۍ۔
1191,سۄ ٲس پننِس قسمتس پیٚٹھ كھوران۔
1192,ییٚلہِ غیر ملکی أمۍ سٕنٛدِس گرس منٛز دُٲخل گوٚو تیٚلہِ ووٚن تٔمۍ مدد خُٲطرٕ۔
1193,تِمو کٔرۍ جنگلس منٛز کُلۍ لاگ۔
1194,بہٕ اوس زبانن ہٕندِس ارتقاء ہس پیٹھ کٲم کران۔
1195,آپریٹرن کوٚر فوری طور بل پیش۔
1196,اسلم تہٕ باقی زٕ نفر آیہِ راتھ راتھ میانہِ جایہِ۔
1197,لُکھ چھِ پوٗزا کرنہٕ خٕلطرٕ مُختٔلِف مذہبی مقامن پیٚٹھ گژھان۔
1198,مریٖضس آو آپریشن كرنٕہ۔
1199,ہسپتالس منز ٲس لُکن ہٕنز اکھ زیٖٹھ فایل۔
1200,متعلقہ لُکھ آسہِ ہسپتالس منز پننآن رشتہٕ دارن وُچھنہِ خُٲطرٕ۔
1201,اتھ ٹیبلس چھُ تمام طرفو نمایاں کنارے۔
1202,کچھو ہیٚکن آبس تہٕ زمیٖنس دۄشوٕنی منٛز زِنٛدٕ روٗزِتھ۔
1203,یِتھۍ سوٗر بنو نہٕ۔
1204,آنکم ٹیکسُک تشخیص کرن وول آو دفترس منز اچانک چیک کرنہٕ خُٲطرٕ۔
1205,سٲنۍ زرعی پیداوار ٲس اصل مون سون کہِ وجہ سٍتۍ اصل۔
1206,یِہ چھُ اَز کُل اَکھ مقبول لفظ۔
1207,مُجرمن آو سزا دِنہٕ تہِ اوٚن كرنہٕ۔
1208,تِمن لۄکٹیٚن برتنن منٛز چھِ پوش اصل پٔٲٹھۍ پھلان۔
1209,أمِس چھُ ڈاون ایٹ ہیل وُچھنٕہ یِوان۔
1210,سُہ گوو جلدیہ تس پیٹھ تھکُن شروع۔
1211,ماجہِ چھے پننآن شُرین ہٕنز حفاظت کران۔
1212,جُلیٖز كرنس پیٚٹھ گو تٔمہِ سُنٛد دعو جعلی ثٲبت۔
1213,أمِس پیوو پننِس مُخلٲقی سٕندِ طرفٕہ سختِ تنقیدُک مُقابلٕہ کرُن۔
1214,اَتھ مُلکس منز چھُ لُکھ سیاستس منز فعال دِلچسپی نِوان۔
1215,امپایرن وون 'یِہ ٲس اکھ ؤڑۍ بال'۔
1216,یِم دۄنوے دٔلیٖل چھِ تقریٖباً یکساں۔
1217,تُہۍ چھِوٕ نہٕ تٔمۍ سٕنٛزِ کامیٲبی ہٕنٛزِ شِدتٕچ تعریف کران۔
1218,سُہ چھُ شہرُک مشہوٗر ونٹنر۔
1219,تٔمۍ سُنٛد سفید بُتھ اوس خوبصورت وُچھنہٕ یوان۔
1220,تٔمۍ ووٚن خبردار کٔرِتھ زِ یہِ کرو نہٕ بیٚیہِ۔
1221,لُکھ چھِ ہفتہٕ کس ٲخرس پیٹھ نیبرٕ گژھان۔
1222,ییٚلہِ فِلِم شُروٗع گٔیہِ تھیٹرس منٛز ٲس لایٹہٕ کم کرنہٕ آمٕژ۔
1223,مندرن منز چھِ صُبحس گھنٹٕہ بجاونٕہ یِوان۔
1224,ٹوٹ اوس غُٲر قونوٗنی طور ٹِکٹ کٕنان۔
1225,تٔمۍ سُنٛد اِستاد چھُ أمِس گرس منٛز ہیٚچھناوان۔
1226,اَمہِ فلمہٕ كوٚر مےٚ حیرت۔
1227,ییلہِ تِم گُرس ووت سُہ اوس موٗدمُت۔
1228,ونڈو شُٲمِل کرنٕہ سٍتۍ چھُ وینٹیلیشن بہتر گومُت۔
1229,میٖٲنۍ ماجہِ ہیٚیہِ مےٚ اکھ واٹر پروف گھنٹی۔
1230,طٲلبہِ عٔلِمو کٔر کلاسس منز وُچھ۔
1231,أمِس چھِ انگریزی زبٲنۍ ہٕنز اصل گِرِفت۔
1232,کؠنہہ پردٕ چُھ پننؠن بُٲتن ٹریل کران۔
1233,مکانن ہنٛز تعمیرس منٛز چُھ لٔکرین ہنٛد لمبہٕ اکثر استعمال یوان کرنہٕ۔
1234,رامس میوٗل شٲعری ہٕندس مقابلس منز 5000 روپیہ انعام۔
1235,سُہ چُھ دکان أکس اتھس پیٹھ چلاوان۔
1236,سُہ چھُ ہمیشہِ پنٕنۍ شرط لگاوان۔
1237,کُلۍ چھِ ہوا صاف کرنس منٛز مدد کران۔
1238,کینٛہہ سپاہ روٗدن دۄن ہفتن فرلوس پیٚٹھ۔
1239,تۄہہِ چھُنہٕ ٹاس لگاونٕچ ضرورت- بس أنٛدۍ پٔکۍ۔
1240,تَس آو پننِہ حالیہ اشاعتٕہ خٕلطرٕ تاج پہناونٕہ۔
1241,تمہِ کوٚر پنُن سامان جمع تہِ روٗد۔
1242,امتحانن ہٕنٛدۍ نتیجہٕ آیہِ نوٹس بورڈس پٲٹھ پوسٹ کرنہٕ۔
1243,بامٲر ہٕنٛزن علاماتن منٛز چھِ پیٹس منٛز دگ تہٕ الٹی شُٲمِل۔
1244,اُستادن دِیُت خاموشی ہُنٛد حُکم۔
1245,کیا تہُۍ ہیکو بوتلُک کارُک کھولِتھ۔
1246,کانٛہہ تہِ ہؠکہِ نہٕ أمۍ سٕنٛز مُجرمانہٕ سرگرمی رِکٔٲوِتھ۔
1247,اَتھ تقریٖبَس چھِ واریٛاہ علامتی اہمیت۔
1248,حالانکِہ أمِس چھُنٕہ پرواز پسند، مگر تٔمۍ کور پٔتمِہ ؤرۍ یِہ اٹلیٰ کِس سفرُک مزٕ۔
1249,تٔمۍ سٕنٛز آواز چھِ تقریباً پریتھ کُٲنسہٕ پریشان کران۔
1250,سُہ چھُ اکھ انتقٲمی نفر۔
1251,تِم چھِ گامس منز اکھ نوٚو سکوٗل بناوان۔
1252,تٔمۍ کوٚر نٔوِس عمارتس منٛز اکھ دفتر کرایہس پیٹھ۔
1253,جنگل چھُ خوبصورت۔
1254,وُہنہٕ كنہِ اوس وُچھُن كم آسنہٕ كنہِ سڑکہِ خٲلی۔
1255,تٔمۍ سُنٛد دِل اوس تیزی سان دھڑکان۔
1256,مے چھے پننٕۍ بینۍ یاد یوان کرنہٕ۔
1257,سۄ چھےٚ خاندرٕ پتہٕ اکھ خوش زندگی گُزٲران۔
1258,مہربٲنی کٔرتھ سوزیو مے میٖٲنۍ دستاویز۔
1259,بہٕ چھُس یژھان ذِٲتی طور تشکر کرٕنۍ۔
1260,دُشمن سُند وات چُھ کم از کم اصل کتھ کران۔
1261,تِمو كوٚر مےٚ توٚملُك اکھ پکوان پیش۔
1262,بییہِ تھٔٲیِو أکِس ٹنس منز۔
1263,اکھ مثلث چھِ تریِیہ طرفٕہ آسان۔
1264,گھرٕچ بناوٹ ٲس از مُکمل۔
1265,تِمو چھُ شہرس منٛز اکھ نوٚو دفاع کوٚرمُت۔
1266,تِمن پٲٹھ آو بحث مُضحکہٕ خیز بناونہٕ خٕلطرٕ حملہٕ کرنہٕ۔
1267,یہِ علاقہٕ چھِ مُجرِمو سۭتہِ پوٗرٕ۔
1268,توہۍ ہیکو کوڑِ کٔٹۍ نؠبر تھٔوِتھ؟
1269,تمٔۍ تھوو ٹرے ٹیبلس پیٹھ۔
1270,اسہِ گُٲزۍ کینہہ وائنو چنہٕ سٍتۍ اکھ اصل شام۔
1271,امتحان مُکمل کرنہٕ پتہٕ تروو تٔمۍ کتاب ہوا ہس منٛز۔
1272,اَسہِ پزِ اپنی زندگی منٛز پُرامید روزُن۔
1273,غروب آفتابہٕ پتہٕ گژھِ درجہٕ حرارت کم۔
1274,تِم چھِ اصل خٔدمات فراہم کران۔
1275,سۄ چھےٚ واریاہ پرجوش تہٕ پرجوش۔
1276,بہٕ چھُس نہٕ پسند کران زِ لوٗکھ چھِ میٚٲنۍ رتہٕ وارٕ دۄہ دوپہر خراب کران۔
1277,سُہ اوس راتھ نتیجہ پتہٕ تصدیق ہُند دعو کران۔
1278,سُہ آو حالٕے نوکری پیٹھہٕ برطرف کرنہٕ۔
1279,ججن ووٚن وکیلس مقدمہٕ جُٲری تھاونہٕ خٕٲطرٕ۔
1280,أسۍ سٲری ووت دروازس کُن۔
1281,تٔمۍ کوٚر مابعد الطبیعٲتی نظریس پیٚٹھ اکھ مقالہٕ شائع۔
1282,بہٕ چھُس پزن أمِس واریاہ مقروض۔
1283,سُہ روو تِکیازِ تٔمۍ سُند بوے اوس أمِس واریاہ چھیڑان۔
1284,سُہ چھُ اتھ حدس تام پریشان۔
1285,سُہ چُھ اکھ جایہِ پیٹھ بییہِ کنہِ جایہِ ژلان۔
1286,بہٕ چھُس امہِ پیشکش سۭتۍ واریاہ خوش۔
1287,قوبوٗ چھُ مقٲمی حکامن دِنہٕ آمُت۔
1288,یِمن دۄن مسلن درمیان چھنہٕ کانٛہہ تعلق۔
1289,سُہ اوس واریاہ کالس دریاو کِس بٔٹھِس پیٹھ بٔچِتھ۔
1290,تُہۍ یِم جُملٕہ چھِوٕ بناوان تِم آسن بامعنی۔
1291,سگریٹ چُھ صحتس خُٲطرٕ نقصان دہ۔
1292,عوام ہیٚکُن مشہوٗر قلعہٕ وُچھِتھ۔
1293,تَتہِ گژھُن چھُنہٕ ضرورت۔
1294,بہٕ چھُس سونچان زِ سۄ چھےٚ مےٚ پسند کران۔
1295,یِہ تھٲیو الماری پیٹھ۔
1296,گُلوکارن ہُنٛد آو گرمجوشی سان اِستقبال کرنہٕ۔
1297,حالات چھِ مےٚ یہِ کرنہٕ خٕٲطرٕ مجبور کران۔
1298,اَسہِ چھِ دیوارٕ سجاونہٕ خٕلطرٕ رنگین چہلن ہٕنٛز ضرورت۔
1299,تٔمۍ کوٚر کیلن ہُنٛد وزن کرنہٕ خٕلطرٕ اکھ پیمانہٕ استعمال۔
1300,دۄنوے مُلک ٲسۍ نسلی بُنیادن پیٚٹھ تقسیٖم کرنہٕ آمٕتۍ۔
1301,تمٔۍ ہیوت ہیرٕ سٍتۍ جُڑن واجینۍ اکھ انگوٗٹھۍ۔
1302,امِہ سافٹ ویئر بناون وَٲلِہ آو تعٲریف كرنٕہ۔
1303,میٖٲنۍ دادا ٲسۍ یونیورسٹی منٛز کیمسٹری ہُنٛد پروفیسر۔
1304,انیلن کٔر آئی آٮٔی ٹی کانپور پٲٹھ گریجویشن۔
1305,تٔمۍ سُنٛد بیان اوس غلط وقتس پیٚٹھ۔
1306,سکوٗٹر گوو سکڈِ تِکیازِ بریک آیِہ اچانک بند کرنٕہ۔
1307,سردی نِش بچنہٕ خٕٲطرٕ کٔرِو کمبل دۄگنہِ تہہ۔
1308,حٲدثہ گوو پانژھ بجہِ۔
1309,ییٚلہِ اتھ علاقس منٛز زُلزلہٕ آو تیٚلہِ آیہِ واریاہ نفر ییٚتہِ زندٕ دفن کرنہِ۔
1310,سُہ آو کمپنی ہٕندِ صدٕر منتخب کرنہٕ۔
1311,مے چھُ شیلف پٔؠٹھٕ کانہہ تہِ کتاب ضرورت۔
1312,دۄنوے عمارتہٕ آسہِ لگ بگ 50 میٹر فٲصلس پیٹھ۔
1313,بہٕ گوس مایوس کِس چکرس منٛز ژٔلِتھ۔
1314,حٲدثس منٛز گٔیہِ ترٛےٚ نفر ہلاک۔
1315,گٔنٛڈۍ چُھ مُقٲمی بسکیٖنن پیٚٹھ حُکوٗمت کَران۔
1316,پارکہِ منز اوس لڑکہٕ خوشی سان گِندان۔
1317,از صُبحس ٲس تۄہہِ خُٲطرٕ پوسٹ۔
1318,تٔمۍ کوٚر دفترُک ذِمہٕ دُٲری اختیار ییٚلہِ افسر دوٗر اوس۔
1319,مےٚ چھُ کانٛہہ ڈھیلہٕ کاغذ ضروٗرت۔
1320,روٗد كریو تتہِ اچھوٹ اژنہٕ باپت شرارت۔
1321,پرنسپلَن کوٚر مجمعُک استقبال۔
1322,ذہانت چھنہٕ تمام کوٗشِشن منٛز کامیٲبی ہٕنٛز ضمانت دِوان۔
1323,سۄ چھےٚ وارٕ وارٕ تہٕ صحیح پٔٲٹھۍ کٲم کران۔
1324,کارخانس منز ٲس افرٲدی قوتٕچ کٔمی۔
1325,یَتھ ہوٹلس منز ٲسۍ روٗزمٕتۍ ٲسۍ سُہ اوس بالکل ٹپ ٹاپ۔
1326,یِہ معاملٕہ ہِیکِہ وزیرِ اعظم سٕنز ساکھ خراب کٔرِتھ۔
1327,تِم یِیَس تہِ ژارن، اَسہِ پزِ تِہُنٛد فِٲصلہٕ قبوٗل کرُن۔
1328,تمٔۍ دیُت پننہِ کورِ اکھ سونُک سُک۔
1329,گُٲڑۍ چلاونس دوران زیادٕ تھکاوٹ ہیٚکہِ ہلاک کٔرِتھ۔
1330,أمِس اوس شک زِ سۄ ٔزس تس پیٚٹھ طنز کران۔
1331,کرکٹ چھُ ہندوستانس منٛز سارِوٕے کھۄتہٕ مشہوٗر کھیل۔
1332,تمن آو مکان مٲلکس خلاف دعو معاف کرنس پیٹھ دستخط کرنہٕ خٕٲطرٕ حوصلہٕ افضٲیی كرنہٕ۔
1333,أسۍ چُھ ژوٗرمس منزلس پیٹھ روزان۔
1334,تمہِ گیندٕ مے پیٹھ واریاہ بدتمیز چال۔
1335,کورین کور پنٕنۍ بیگ تبدیل۔
1336,أسۍ روٗز أکِس شاندار ہوٹلس منٛز۔
1337,أمِس چھِ دٔچھنِس ٔ زِچھِ منز بصارتٕچ کٔمی۔
1338,بہٕ چھُس نہٕ صرف پنٕنۍ نوکری بچاونہٕ خٕٲطرٕ أمِس سۭتۍ کتھ کرنہٕ خٕٲطرٕ تیار۔
1339,بندوق چلاونٕچ آواز چھِ مےٚ خوفہٕ سۭتۍ بھران۔
1340,ییٚلہِ یہِ وۄپداونچٕ کتھ آسہِ تیٚلہِ کروٕ چائے منٛز شنکر شُٲمِل۔
1341,تِم چھِنہٕ كانٛہہ تہِ نہٕ جنگس پیٹھ زور دِنہٕ والأن ہٕنٛدِس أکِس جھنڈس علاوٕ۔
1342,أمِس گوو یہِ خبر زِ أمۍ چھُ أمِس دھوکہٕ دیتمُت۔
1343,کانگریس مین کریو پتے پنٕنۍ تقریر۔
1344,مےٚ چھِ یہِ خوبصورت کٹیر پسند۔
1345,نارٕ سۭتۍ گوٚو بٔڑِس پیمانس پیٚٹھ نقصان۔
1346,بہٕ کرُس گۄڈٕ پنٕنۍ أتھۍ پوچھ۔
1347,نوٚو پروفیسر چھُ پننِس رٔوِیس منٛز واریاہ آزاد۔
1348,أسۍ کریو یہِ حٲصل کرنہٕ خٲطرٕ أنتھُک کوٗشش۔
1349,سُہ چھُ وُنکینس چینس منز ہندوستانُک سفیر تعینات۔
1350,نشریاتی سٹیشن چُھ شہرٕ پیٹھہٕ دوٗر واقع۔
1351,سُہ چھُ رؠوٲیتی بٔٔزِتھ گیوُن پسند کران۔
1352,مے چھِ أمۍ سٕندۍ خیال مضحکہٕ خیز ماننہٕ یوان۔
1353,پاتھ چھُ تٔمۍ سُنٛد وہم زایہِ دۄہ۔
1354,تحفن ہُنٛد استقبال چھُ ہمیشہِ شُرۍ کران۔
1355,از کُل چھِ واریاہ لوٗکھ امینیسیا ہُک شِکار گٔمٕتۍ۔
1356,سُہ بنیوو أکِس وایرلِنٹ اِنفیکشنُک شِکار۔
1357,تٔمۍ سُنٛد مول اوس تٔمۍ سٕنٛدِس ٹیوشنُک اکھ حصہٕ ادا کرنس پیٚٹھ رضامند۔
1358,پرندن ہُند اکھ ریوڑ گوو فوراً اڑان۔
1359,سۄ ٲس نہٕ تٔمۍ سٕنٛدِس سوالُک جواب دِن یژھان۔
1360,مےٚ چھُ أکِس دۄہس انٛدر واپس یُن۔
1361,تٔمۍ کٔر پنٕنۍ فیس معاف کرنس پیٹھ رضامندی ظٲہر۔
1362,تہُۍ ہیکو باڑٕ کِس یلہٕ جایس مٔنزۍ گٔژھتھ۔
1363,وۄنۍ چھُ پریتھ کُنہِ چیزس میکانائز کرنُک رجحان۔
1364,مے چھُ کیکُک بیاکھ اکھ ٹکڑا یژھان۔
1365,میڈیاہن کٔر امہِ واقعچٕ بٔڑس پیمانس پیٚٹھ کوریج۔
1366,اَمہِ مشہوٗر بُزتھُک موسیقار چھُ اکھ نوجوان۔
1367,تٔمِس چھُ شٲعری پڑھنے ہُند اکھ خاص انداز۔
1368,اسہِ چُھ ناوہٕ بٔٹھس پیٹھ واتنہٕ خٕلطرٕ اکھ صحیح جاے ژھانڑٕنۍ۔
1369,مہربٲنی کٔرِتھ کٔرِو کاغذس پیٹھ خٲلی جاے پوٗرٕ۔
1370,یتھاہ کمزوٗر بنو نہٕ۔
1371,مے ٲس نہٕ نتیجن ہٕنز فِکر۔
1372,مے چھُ سافٹ ویئر لوڈ کرُن۔
1373,سُہ چھُ زمیٖنس منز ڈُمبہٕ لگاوان۔
1374,تٔمۍ سٕنٛدیٚن پَلن ٔزِسۍ خوٗبصوٗرت پُر۔
1375,کیٛاہ مےٚ چھا ویزاہٕچ ضروٗرت؟
1376,سُہ اوس روان تکیازِ تس اوس زنگہِ منز دگ۔
1377,أسۍ ہیوت دیوالی خٲطرٕ شیٖشہِ ہٕندۍ بُلب۔
1378,بہٕ کرس تمٔۍ سُند پرس نِتھ۔
1379,سُہ اوس پننِس فتحس پیٹھ خوش۔
1380,یہِ ہولناک خبر بوزنہٕ پتہٕ گٔیہِ سۄ بے ہوش۔
1381,سُہ اوس تحریکُک ورچوئل لیڈر۔
1382,أمِس اَتھس منز دراو گولہٕ۔
1383,کیٛا توٚہہ سوٗز میٖٲنۍ درخاست؟
1384,سٲنۍ گھر چھِ مغربس کُن مقابلہٕ۔
1385,ہنگامہٕ چُھ عام عوامس نقصان واتاوان۔
1386,مے چھُنہٕ پیاز پسند۔
1387,یہِ سڑکہٕ چھےٚ واریاہ برابر۔
1388,تِم چھِ ورٹیکسس منٛز حرکت کران۔
1389,أمِس چھُنہٕ وُنیُک تام معاوضہٕ ملومُت۔
1390,ہندوستانس منز چھُ حکوٗمتُک اکھ جمہوری نظام۔
1391,ٹیراہ اوس ہیرو تہٕ موتیو سٍتہِ بناونہٕ آمُت۔
1392,بہٕ چھُس ہمیشہِ تِہٕنٛز۔
1393,كُنہِ پارٹی منٛز واریاہ جلدی ووتُن چھُنہٕ اصل۔
1394,تٔمۍ سُنٛد مقٲمی اندازٕ چھُ پرٛؠِتھ کانٛہہ پسند کران۔
1395,سٕچ اوس واریاہ تکلیف دَہ۔
1396,أسۍ دیُت تمٔۍ سٕندِ کڑنس پیٹھ ردِ عمل۔
1397,مےٚ چھُ پنٕنۍ بینہِ رٹنہٕ خٕٲطرٕ ایئرپورٹ گژھُن۔
1398,نمکہٕ چھُ شیشہِ منز آسان۔
1399,بہٕ ؤنان نتیجہٕ ٹیلی گراف کہِ ذریعہ۔
1400,درحقیقت ٲسۍ تِم سیٲسی جنگہٕ خٕٲطرٕ پونسہٕ جمع کران۔
1401,میٖٲنۍ بوے چھِ سَٲنس پیٹھمِس فلیٹس منز روزان۔
1402,کیرالہ ہس منز چھُ آبٲدی ہُند گُنیر واریاہ زیادٕ۔
1403,نوو گرٕ چھِ قبضٕہ باپَت تیار۔
1404,گیزر چُھ کم وقتس منز آب گرم کرنہٕ خٕلطرٕ اکھ آسان آلات۔
1405,سُہ چھُ ہمیشہ پننِہ کامیٲبی متعلق كھوران۔
1406,بچہ سٕندِس كھورن كور تس جُڑِتھ۔
1407,کینہہ کُلۍ کٔٹۍ چھِ آبہٕ سٍتۍ بھٔرتھ میژس منز زندٕ روزنس قُٲبل آسان۔
1408,سانہِ فُٹ بال کوچ چھِ ٹیمَس تربِیت دِوان۔
1409,یہِ فیصلہٕ اوس پوٗرٕ پٔٲٹھۍ مٔٲلی لین دینہِ خٕٲطرٕ کرنہِ آمُت۔
1410,بہٕ ہیٚکہِ نہٕ گاڑِ رٹنہٕ نِش بٔچِتھ۔
1411,تِمو تروو یہِ گھرٕ داہ ؤری برونہہ۔
1412,سرکٲرۍ دفاترن منٛز چھِ بٔڑِس پیمانَس پٮ۪ٹھ رُشوَت خوری كرنہٕ یِوان۔
1413,تِم ٲسۍ کرکٹ بُخٲر كِس گرِفتس منٛز۔
1414,یہِ جاے چھےٚ دھماکہٕ خیز مواد ذخیرٕ کرنہٕ خٕٲطرٕ مخصوص۔
1415,سۄ ٲس نہٕ وۄنۍ پنٕنۍ ہٕنۍ ركٲوِتھ۔
1416,تۄہہِ پزِ نہٕ اتھ دانشمندانہٕ منصوبس پیٚٹھ کانٛہہ اعتراض آسُن۔
1417,سڑکہِ چھےٚ پہاڑس کُن وسان۔
1418,مہربٲنی کٔرتھ تٲلی ہٕندۍ زٕ بنڈل حُٲصل۔
1419,سۄ ٲس پنٕنۍ اہم زنجیر وُچھان۔
1420,أمِس گُزریوو أکِس کارِ حٲدثس منز۔
1421,تَس چھِ اکھ پُرکٔشش شخصیت۔
1422,تارُک دویِم اند تھَٲوو لوٗپس منز۔
1423,پننٛؠن فرضن كٔریو نہٕ نظر انداز۔
1424,تٔمۍ دِیُت پننِہ مرضی سٍتۍ استعفا۔
1425,بہٕ کٔرٕس پنُن پونسہٕ بینکس منٛز جمع۔
1426,یہِ چھُ صاف آب۔
1427,اَتھ کمرس منز چھُ واریاہ ماچھ۔
1428,تٔمۍ سُند پیدٕٲئش گوو اکھ اصل شِگاف ثٲبت۔
1429,ییلہِ سُہ جلدی ووت تمہِ كور تس حُٲران۔
1430,مےٚ چھِ جھوٹ بوزنہٕ سۭتۍ نفرت۔
1431,اَتھ منز زٔسۍ مختلف قٕسمُک پَلو۔
1432,ممبرن آو شٲعر سٕنٛزِ عظیم موجودگی سۭتۍ اعزاز دِنہٕ۔
1433,سُہ چھُ أکِس چھتس منز وُچھان۔
1434,ہوٲئی جہازُک اہم فریم چھُ تیار۔
1435,تٔمۍ لیوٗکھ پنُن خیال خُلاصہٕ کرنہٕ خٔٲطرٕ کینٛہہ۔
1436,أندۍ پٔکۍ چھُ اکھ سکوٗل۔
1437,کپتان سٕنز آواز ٲس زینن واجینۍ۔
1438,ژٕ ہیکو کلؠن آب دِتھ؟
1439,أسۍ ہیوٚت جادو شو خٲطرٕ ٹکٹ برۄنٛہہ۔
1440,تہُۍ پزِ تتہِ واتنہٕ خٕٲطرٕ اکھ ذریعہ ژھانڑُن۔
1441,سٲنۍ گٲڑۍ چھِ سَٲنۍ ماحول آلود کرنٕچ ذِمہٕ دار۔
1442,تمباکو نوشی چُھ ہوا خراب کران۔
1443,تٔمۍ اوس اکھ خوبصورت پوشاک لاگومُت۔
1444,أسۍ آسن تقریباً <آٮٔی ڈی 1> پیٹھ گرٕ۔
1445,شیٖنُک رنٛگ چھُ سفید۔
1446,سکوٗل کٔر جلدٕیہ عمارتٕچ کٔٲم مُکمل۔
1447,أسۍ كوٚر مغربی طرفہٕ سفر۔
1448,سُہ چھُ اٹلیٰ منز کٔٲم کرن وول اکھ فرانسیسی شہری۔
1449,تمٔۍ سٕنزِ زنگہٕ ٲس کمزوٗر۔
1450,پروگرام یِیہِ یِنہٕ وٲلِس ہفتس منٛز ختم کرنہٕ۔
1451,قٲتلن اوس نہٕ کانہہ سراغ ترٲومُت۔
1452,تٔمۍ کٔر ضرورت مندن مدد کرنہٕ خٕٲطرٕ رضاکارانہٕ طور کٔٲم۔
1453,تمٔۍ دِژ مےٚ کینٛہہ پونسہٕ ادٕ۔
1454,تٔمۍ سُنٛد كھوٚر آو أکِس شورس منٛز تبدیٖل کرنہٕ۔
1455,یِہ چھُ جانورن ہُند اکھ درجٕہ یِمن زنگٕہ کمزور چھُ آسان۔
1456,ججن دیُت أمہِ سُند دعو قبول۔
1457,تٔمۍ سُنٛد سارِوٕے کھۄتہٕ بوٚڑ خوف اوس یہِ زِ سۄ گُزرییہِ پنٕنۍ نوکری۔
1458,سُہ چھُ ہسپتالس منٛز پننہِ زندگی سۭتہِ لڑان۔
1459,یہِ دلیل ٲس آیتس منز لیکھنہٕ آمٕژ۔
1460,تٔمۍ کوٚر پنُن پان کامہِ منٛز شُٲمِل کٔرِتھ غمس پیٹھ قابو۔
1461,مےٚ چھُنہٕ میٹنگُک مقصد معلوٗم۔
1462,اَتھ المیہ نِش نیرنٕہ خٕٲطرٕ لگو أمِس ؤری۔
1463,ہیچھن چھُنہٕ سہل کٲم۔
1464,جدید دور چُھ ٹیکنالوجی ہُند دور۔
1465,سُہ گوو پُلیس کِس آلاتو ذریعہ پننآن رِشتہٕ دارن ہُند سراغ لگاونس منز کامیاب۔
1466,جانور چھُ عام طور نارس خوفزدہ آسان۔
1467,تِہٕنٛزٕ دست تحریر چھےٚ میانہِ کھۄتہٕ بدتر۔
1468,تِم گٔیۍ کینٛہہ دۄہ برونٛہہ سفرس پیٚٹھ۔
1469,پریتھ کانہہ چھُ پنٕنۍ اچانک طرزِ عمل ناپَسند کران۔
1470,اُستادن چھُ اَسہِ پریتھ أکِس ڈرامہس منز اکھ حِصہٕ تفویض کورمُت۔
1471,سُہ چھُ لنچٕ پتہٕ ترے گلاس آب پینان۔
1472,یہِ خبر آیہِ أسہِ خُٲطرٕ صدمہٕ حٲصل كرنہٕ۔
1473,تِم چھِنہٕ نائلون فائبرو سۭتۍ بنیمٕتۍ پلو ہیوان۔
1474,أمِس زٔسۍ جُڑواں۔
1475,مےٚ چھےٚ وۄنۍ شورٕچ عادت گژھان۔
1476,پردٕ روٗد جنگ کران۔
1477,شُرۍ چھِ جسمٲنی تبدیلین نِش گُزران۔
1478,شامس گوو موسم واریاہ خراب۔
1479,أمہِ اوس اكھ زُردٕ پوشاک لاگومُت تہٕ اتھ پیٹھ اوس سبز داغ۔
1480,مےٚ یُس رحمدلی ہاونہٕ آمٕژ چھےٚ اَمہِ خٲطرٕ چھُس بہٕ ہمیشہِ تِہٕنٛز مُشکوٗر۔
1481,اسِہ چھُ پاتھ اكھ امتحان۔
1482,بہٕ چھُس پزن أمِس واریاہ مقروض۔
1483,أمِس چھُ میڈیم تھود۔
1484,میٛون تیز بوے چھُ پوٗرٕ دۄہ سفاہس پیٚٹھ آرام کران۔
1485,آو أکِس ٲخری آیتس دُوبارٕ گیونِہ۔
1486,کَتھ باتھِ منٛز اوس ترین اہم مسلن پیٚٹھ توجہ مرکوز کرنہٕ آمٕژ۔
1487,تٔمِس آوازس منز اوس تھکاوٹ۔
1488,اسِہ چھُ مُختلف نظریہ۔
1489,تمہِ كوٚر پننِس دوستس سلام۔
1490,سۄ چھےٚ نہٕ وۄنۍ یِوان۔
1491,مے ووت پنُن توازُن تہٕ گوس پتھ کُن۔
1492,سۄ چھےٚ اکھ نوکرٲنی۔
1493,مرکزی دروازٕچ نیم پلیٹ ٲس پھٔٹِتھ۔
1494,سُہ اوس واریاہ کالس دریاو کِس بٔٹھِس پیٹھ بٔچِتھ۔
1495,لۄکٹیٚن شُرین چُھ بچاو کہِ اقدام پٔٲٹھۍ پولیو ڈراپ دِنہٕ یِوان۔
1496,مےٚ چھُ کینٛہہ سبزی ہیٚنہِ خٕٲطرٕ بازر گژھُن۔
1497,سُہ اوس نہٕ اتھ توہین ہُند حقدار یتھ سُہ شکار اوس آمُت کرنہٕ۔
1498,بجلی بند گژھنہٕ سٍتۍ گوو علاقہٕ تٲریٖک۔
1499,مساجن کوٚر دَگ کم کرنس منٛز مدد۔
1500,سُہ موٗد آنتوں منٛز رُکاوٹہٕ سۭتۍ۔
1501,أسۍ ہیکو بورڈس پٲٹھ کرکٹ میچُک سکور وُچھِتھ۔
1502,تٔمۍ ہیوت ہانگ کانگ پٕتٹھ اکھ نوو کیمرِہ۔
1503,طبی لحاظ چھُ سُہ سفر کرنہِ خٲطرٕ موزوں۔
1504,اہ، یہِ کیوٗت مُشکل چھُ۔
1505,سفید پلو ترٲو ٹیبلس پیٹھ۔
1506,تٔمۍ کوٚر پنُن پیالہٕ دودھ أکِس زیٖٹھِس ڈرافٹس منٛز خٲلی۔
1507,تہُۍ ہیٚکو پننِس سہولتس پٲٹھ یِتھ۔
1508,تَو کیا تُہۍ چھِوٕ نظریٖٲتی؟
1509,آسمان چھُ نیلا رنگ۔
1510,مے کور أکِس خوش مزاج زنانہِ سٍتۍ خاندر۔
1511,سُہ چھُ سونچان زِ اگر سُہ غلطی تسلیم کران چھُ تِیلِہ ہور أمِس بُتھِ۔
1512,جانورٕ زٔسۍ گھاسہٕ مٔٲلس کُن ژلان۔
1513,کینہہ بینک چھِ چھٹین پٔؠٹھ تہِ کٔٲم کران۔
1514,تٔمۍ سٕنٛدۍ بدتمیزی کٔر تِہنٛدِس خاندانس شرمسار۔
1515,فِلمِہ منز چھُ تھیسپین اکھ نوو یِنٕہ وول۔
1516,کائناتس منٛز چھِ اکھ کائنٲتی طاقت حکومت کران۔
1517,أکِس نفرٕ سُنٛد نقصان چھُ بیٚیِس نفرس ہُنٛد نفع۔
1518,سُہ چھُ ٹیمُک کپتان نامزد کرنٕہ آمُت۔
1519,ٲخری قٕسط یی پاتھ ہاونٕہ۔
1520,اَسہِ برونٛہہ اَتھ مسلس پیٚٹھ گٔژھِ گۄڈنِچہِ لَٹہِ بحث کرُن۔
1521,سُہ چھُ پنٕنۍ كار واریاہ تیزی سان چلاوان۔
1522,یِہ نظریہ اوس میانِہ خُٲطرٕ پوٗرٕ پٔٲٹھۍ اُلجھنس منز۔
1523,ٹیڈی بیئر چھُ محبت کرن وَٲلۍ کھَلوُن۔
1524,مے آسہِ نہٕ ییوٗت شراب پینہِ۔
1525,سُہ چھُنہٕ اکھ پُرتشدُد نفر۔
1526,میٖٲنۍ خیالس منز اوس یہِ وقتُک ضیاع۔
1527,سڑکہِ پیٹھ پکنس دوران اوس سُہ سیٹی لگاوان۔
1528,زیٖچھر كھسنہٕ سۭتہِ گو اَسہِ پوٗرٕ وار۔
1529,میٖٲنۍ بباہن ووٚن مےٚ اکھ مزٕ دار دٔلیٖل۔
1530,تِم چھِ اکثر یکساں سوچان۔
1531,یہِ مُہِم ٲس اتھ مسلس متعلق عوٲمی بیدٲری بڑاونہٕ خٲطرٕ بناونہٕ آمٕژ۔
1532,ہتھیارن ہٕنٛدِ استعمالس پیٚٹھ پزِ پابٔنٛدی لگاونہٕ یِنۍ۔
1533,تٔمۍ سٕنٛزِ کِتابہٕ آیہِ غیر ضروٗری طور تباہ کرنہٕ۔
1534,یہِ چھُ نہٕ پوٗرٕ پٔٲٹھۍ جُلیز۔
1535,مخصوص منزلس تام چُھنہٕ رسٲئی۔
1536,اسلم سُند مول چھُ اکھ چینڈلر۔
1537,بہٕ گژھٕ ٹرینہِ سۭتہِ دِلہٕ۔
1538,کیٛا تۄہہِ نِش چھا فلکیاتس پیٚٹھ کانٛہہ کتاب؟
1539,معروضی رپورٹ آو نہٕ سراہنہٕ۔
1540,سُہ چھُنہٕ ذہنی طور فُٹ۔
1541,تمٔۍ سُند بیٹ اوس گراونڈ کرنہِ آمُت۔
1542,شمالس منز چھُ وند شدید آسان۔
1543,کمپنی چھے اکھ نوو پالیسی تیار کٔرمٕژ۔
1544,پوسٹ آفسس منز ٔزِس زیٖٹھ لَٲنٕہ۔
1545,بہٕ چھُس نہٕ پننٛآن کالجین سۭتۍ ذِزتی معاملن پَؠٹھ کَتھ کران۔
1546,أسۍ گوو تمہِ سٕندِس برسی دوہ تتہِ۔
1547,آوۍ گٔژھتھ گُلوکار سٕندِس پیشكشس منز شُٲمِل گژھُن۔
1548,مے چھِ فہرستس منز پنژاہ ناو۔
1549,بہٕ چھُس تۄہہِ ؤچھِتھ واریاہ خوش۔
1550,تٔمۍ چھُ موٗجوٗدٕ تعلیٖمی نظامُک تنقیدی جٔٲیٖز پیش کوٚرمُت۔
1551,فوٹو خُٲطرٕ ٲس أمہِ سٕنز پوز بہترین۔
1552,سُہ چھُ اَکھ کاشتکار۔
1553,چٹھۍ آیہِ از میٖلس منز۔
1554,أسۍ ٲسۍ نیبرٕ آفتابس منز بیٹھیمٕتۍ۔
1555,مریمن تھٔٲِوۍ تمٔۍ سٕندۍ چِٹھۍ تہٕ کٔرن تِم جیٖبس منز۔
1556,سُہ چھُ اکثر خاص ریسٹورینٹن منز گژھان۔
1557,اتھ کھینس منز چھُ ضروری وٹامن تٕہ معدنیات آسان۔
1558,تمٔۍ سٕندِس گرس منز چھُ ژور کمرٕ تہِ اکھ ہال۔
1559,تٔمۍ سٕنٛدۍ مٔزٕلۍ ووٚن ہمیشہِ بہادُر تہٕ سَچے روٗزِتھ۔
1560,سُہ اوس بس سٹاپس پیٹھ انتظار کران۔
1561,شرؠن ہُند خیال تھونہٕ خٕلطرٕ چُھ شُکر ادا کران۔
1562,بیاکھ پروگرام یی وُنکینس نِشِر کرنہٕ۔
1563,مے چھِ <آٮٔی ڈی 1> کریڈٹ بیلنس۔
1564,تٔمۍ کوٚر اَسہِ خلاف شدید حملہٕ۔
1565,شاید بہٕ ہیکہِ نہٕ پتے کلاسس منز شُٲمِل گٔژھتھ۔
1566,آکسیجن چھُ سُہ گٔیَس یَس أسۍ شاہ کران چھُ۔
1567,امہِ واقعن بدلٲو عوٲمی رائےُک رجحان۔
1568,تٔمۍ کوٚر پننِس نیچوِس خوش کرنہٕ خٕٲطرٕ سفرُک انتظام۔
1569,تھری چھِ اکھ عجیب عدد۔
1570,أسۍ کٔرۍ بیٖم اکوٹی۔
1571,تٔمۍ چھِ پارکِہ منز اکھ میموسا کُل لگٕٲوۍمٕتۍ۔
1572,سۄ چھےٚ اکھ اصل لۄکُٹ کوٚر۔
1573,تِم چھِ یِنہٕ خٔٲطرٕ تیار۔
1574,یہِ چھُ نہٕ کانہہ بوڑ سودا۔
1575,حالٕے منز اوس اکھ پریشان کرن وول مسلہٕ بدتر گومُت۔
1576,تٔمۍ کٔر پروجیکٹٕچ کٲم واریاہ عزمس سۭتۍ شروع۔
1577,دروازس پیٹھ آو اکھ حُٲران نفر ظُٲہر۔
1578,تُہۍ پَزَو نہٕ کاروٲیی منز مزید ژیٖر کرُن۔
1579,مے چھُ صرف اکھ چاکلیٹ یژھان۔
1580,بہٕ ہیٚکہِ نہٕ گاڑِ رٹنہٕ نِش بٔچِتھ۔
1581,پہلوانَن کوٚر مُقابلَس اَکہِ مٕچ سۭتۍ شِکست۔
1582,سُہ چھُ میون عزیز نیٚچو۔
1583,خوبصورت پوش ٲسۍ باڑس برونہہ کُن۔
1584,سرحدن پیٹھ چُھ فوجُک اکھ بوٚڑ ارتکاز۔
1585,بورڈ آف ڈائریکٹرزن کور اکھ نوٚو پالیسی ہُنٛد مَسوَدٕ تیار۔
1586,تٔمۍ سُنٛد دِل چھُ کمزور۔
1587,تِم در تمٔۍ سٕندِس خیمس منز۔
1588,واش مشینس چھِ بھٲری موٹر آسان۔
1589,تِہُنٛد تعلُق اوس باہمی اعتمادس پیٚٹھ مبنی۔
1590,سۄ چھِ اُلٹی محسوٗس کران۔
1591,سۄ چھےٚ مُختلف زبانن ہٕنٛدِ علمہٕ باپت فائد مند۔
1592,کورِ چھِ كھورِ گُرس نِوان۔
1593,تہُۍ ہیکو تہٕ کتاب نِتھ یُس ٹیبلس پٔتٹھ آسہِ۔
1594,سۄ ٲس أمِس استقبال کرنہٕ خٲطرٕ ییٚتہِ۔
1595,أمِس چھُ زنگن پٔؠٹھ مرطوب تراوُن۔
1596,یہِ ڈیزائن چھِ واریاہ دلچسپ۔
1597,مےٚ وُچھ جھاڑن منٛز اکھ لوٗکھ۔
1598,تمٔۍ سُند کمرٕ نمبر چھُ نوہہ۔
1599,سونامی چھِ یِوان، لہاذا تھٔزیو مہربٲنی کٔرِتھ خبردار۔
1600,کبیرؔ چھُ فلسفیانٕہ بحثن منز حِصٕہ نِنس منز دِلچسپی تھاوان۔
1601,سُہ چھُ پریتھ قٕسمٕچ کِتابِہ پسند کران۔
1602,مُلٲزم چھُ اجرتس منز اضافُک مطالبہٕ کران۔
1603,میٖٲنۍ بیگُک ہینڈل چھُ ڈھیلا گومُت۔
1604,اتھ کپُرس چھُ اکھ جال دار بناوٹ آسان۔
1605,گرم کرنہِ پتہٕ گوو شیٖشہِ پھٔٹِتھ۔
1606,سُہ چھُ أکِس اصل خاندانس سٍتۍ تعلق تھاوان۔
1607,مےٚ آیہِ یقین دہٲنی دِنہٕ زِ یِم شرائط گژھن جلدٕیہ لاگو کرنہِ۔
1608,بہٕ چھُس تۄہہِ ترییہِ بجہِ فون کران۔
1609,کِتابُک پانچوم باب چھُ دراصل مُصنِف سٕندِ دٔلیٖلُک حِصٕہ۔
1610,الیکٹران چھِ ایٹمن منز لبنٕہ یِوان۔
1611,یمن ہُند تعلق چُھ کرسٹشین انواعن سٍتۍ۔
1612,ڈاکٹرن دِژ مےٚ سننہِ منٛز مدد کرنہٕ خٔٲطرٕ کینٛہہ گولہٕ تجویٖز۔
1613,أمہِ سُند تیٖر لٔگیو أمِس دٔچھنہِ ٲچھِ منز پوٗرٕ۔
1614,تِم چھِ ہونن گھریلو بناونٕچ کوٗشش کران۔
1615,اَتھ کیٹلس چھُ أکِس نٔوِس عُنصرٕچ ضرورت۔
1616,مے کور تس ترییہِ لٹہِ فون مگر أمِس ووت نہٕ۔
1617,یہِ چھُ ؤریُک ژوٗرِم سیزن۔
1618,بہٕ چھُس تۄہہِ الزام دِوان زِ بہٕ گژھٕ نہٕ۔
1619,سُہ چھُ نہٕ کانہہ تہِ برٲئی برداشت کران۔
1620,سُہ چھُ اَکھ کریٖک سپاہ۔
1621,بہٕ چھُس بازرس منٛز اَڑکِس گُٲنٹس تام ژھانڈان۔
1622,اَسہِ چھُ مُسئلہٕ کِس بُنیٲدی وجہس سۭتۍ نمٹن۔
1623,أزُک فُٹ بال میچ چھُ فرانس بمقابلٕہ برازیل۔
1624,بہٕ اوسُس أندرس منز اچانک روشنی وُچھان۔
1625,طٲلب علم ٲسۍ کلاس روٗمس کُن دراندٲزی کران۔
1626,مےٚ گوٚو خاندرٕچ تقریبس منٛز أکِس اصل آرکسٹرا ہُک مزٕ۔
1627,وارٕ وارٕ تھٔٲوو کیلہِ أکِس تختس منز۔
1628,پلیسس اوس تمہِ سٕنٛزِ گِرِفتِزری باپت وارنٹ۔
1629,اسہِ چھُ پنُن کاروبار قٲبلِ عمل تھاونہٕ خٕٲطرٕ یہِ قدم تُلُن۔
1630,تٔمۍ سٕنٛز دٔلیٖل ٲس واریاہ تکلیف دَہ۔
1631,جنازس منٛز ٲسہٕ واریاہ لوٗکھ۔
1632,پوٗرٕ مٔلِک چھُ شرارتس منز۔
1633,حیدرآبادس منٛز واریاہن ؤرۍ یو پتہٕ آو سُہ دِلہِ منٛز تعینات کرنہٕ۔
1634,بہٕ گوس تتہِ پیدل۔
1635,عمارت ٲس تھون محرابو سٕتہِ شاندار وُچھنہٕ یوان۔
1636,سُہ چھُ ویسپر نمازہٕ خٕٲطرٕ گومُت۔
1637,زیادٕ تر سودا چُھ فونس پیٹھ لین دین کرنہٕ یوان۔
1638,اتھ بندوقس چھُ اکھ زیُٹھ بور۔
1639,تُہۍ یُس ونان چھُوٕ سُہ چھُ جزوی طور صحیح۔
1640,امیرس تہٕ غریبس درمیان چِھ اکھ وسیع خلیج۔
1641,سرد ہواہن کٔر أمۍ سُنٛد بُتھ ژٔلِتھ۔
1642,کورسُک پار چھُ 62۔
1643,أسۍ ہیکو کیفے ٹیریاہس منز اکھ کپ چائے ہیتھ۔
1644,سمندرس منز لہرٕ وُچھُن چھُ مزٕ دار۔
1645,سیٲسی پارٹو کوٚر انتخابہٕ برٛونٛہہ پنُن پروپیگنڈا پوٗرٕ زورس پیٚٹھ شروع۔
1646,سُہ چھُ میون جان لیوا دُشمن بنیمُت۔
1647,مےٚ چھِ پنٕنۍ سایکل ٹھیٖک کرنٕچ ضروٗرت۔
1648,یِہ پرٛٲنۍ مندر چھُ کلؠن درمیان چھٔپِتھ۔
1649,سُہ چھُ پننِس فارغ وقتس منز وایلُن بجاوان۔
1650,اَتھ علاقس منٛز چھِ 70 فیصد کھۄتہٕ زِیٛادٕ خاندانن نِش ٹیلی فون۔
1651,اتھ منز آسِہ خرگوش، تٲریخ تٕہ سُلطانٕہ شُٲمِل۔
1652,تِہُنٛد بُنیٲدی اہلیت چھِ اَمہِ نوکری خٕٲطرٕ موزوں۔
1653,أمِس آو شرارت سان حملہٕ کرنہٕ تہٕ کلس آو زخم لگاونہِ۔
1654,یِہ ٲس اکھ اچانک کاروٲیی۔
1655,كامس متعلق چُھنہٕ تہُند رویہ مطٲبق۔
1656,تہُۍ ہیکو فونس پٲٹھ کیک آرڈر کٔرتھ۔
1657,یِم پوش چھِ خوبصورت۔
1658,مےٚ چھُ اکھ خوش گرٕ زندگی۔
1659,پَلوس منٛز اوس لۄکُٹ نُک بڑان۔
1660,تٔہنٛدِس معٲشی ترقی منٛز چھَنہٕ كانٛہہ تیزی وٕچھنہٕ یِوان۔
1661,تٔمۍ کٔر پریُتھ کٲنسہٕ برۄنٛہہ أمۍ سٕنٛز بے عزتی۔
1662,مے چھُ مٲدانن أندۍ پٔکۍ چکر لگاوُن پسند۔
1663,سُہ چھُ اَکھ ماڈل۔
1664,سُہ چھُ کمانڈر بننٕہ خٕلطرٕ کمزور۔
1665,مریض اوس پوٗرٕ دُپُہرس كھوران۔
1666,توہِہ چھُ میچ زینُن۔
1667,اَتھ منصوبس منز چھُ تنخواہُک اکھ مُختلف ڈھانچٕہ۔
1668,سُہ چھُ حق پسندی ہُند احساس ظُٲہر کران۔
1669,تِمو کٔر پنٕنۍ مول موج گُر واپس یِنہٕ برونٛہہ پارٹی۔
1670,تِم پَلو نیوٗ یُس تۄہہِ بہتٔریٖن لگن۔
1671,یِہ اوس اکھ منٹ ذہ مگر ٔ زِچھِ ٲس بٔری پٕٲٹھۍ زخمی گٔمٕژ۔
1672,سُہ ووت کھڑکی منز نیبر۔
1673,سُہ چھُ نفع بخش طریقہ کار چلاوان۔
1674,سٲنۍ اثاثہٕ چھِ غیر فعال۔
1675,میٛانہِ خُٲطرٕ چھُ سُہ اکھ حقیقی واپسی۔
1676,تمہِ كور پھُٹمٕتِس کھانڈ کُن نشانہٕ۔
1677,ہمسایہِ کِس گرس منز آو اکھ دراندٲزی چیخ بوزنہٕ۔
1678,سُہ گوو سخت مایوس۔
1679,سُہ چھُ شُمٲلی لندنس منز روزان۔
1680,سۄ چھےٚ عموٗمن ژیٖر یِوان۔
1681,تِم چھِ ڈراما أکِس کھُلٕہ آڈیٹوریمس منز پیش کرُن یژھان۔
1682,توہِہ ہِیکو یِہ پھُٹمُت کرشیہ ٹھیک کٔرِتھ؟
1683,تِم آسن واریاہ ممکنہٕ گاڑِ سۭتہِ۔
1684,کیٛاہ تِہُنٛد الرجی چُھ بہتر گژھان؟
1685,زنانہٕ چھےٚ مردن ہٕنٛدِس مُقابلس منٛز کم جرم کران۔
1686,یہِ مُلک چھُ تِمن تمام مُلکن ہٕنٛز حمایت کران یِم غیر جانبدار چھِ۔
1687,ژورن ووت فعلس پیٹھ۔
1688,شُرس چھُ نوی زبانِہ ہِیچھنٕہ خٕلطرٕ اکھ بہترین فیکلٹی آسان۔
1689,یہِ لڑکہ گوو نیوی منز شُٲمِل۔
1690,زنانہٕ چھِ کرانہٕ میٚژِ سۭتہِ خوٗبصوٗرت بانہٕ بناوان۔
1691,سُہ چھُ اَکھ پاگل نفر۔
1692,فونس پیٹھ چھے تہنز آواز پھٹان۔
1693,میٛون پرٛٲنۍ دوست اوس موسیٖقی منٛز اکھ مٲہِر۔
1694,منصوبہٕ اوس اصلی واریاہ مختلف۔
1695,یِہ چھُ اکھ كورجن لینڈ۔
1696,تمٔۍ کور بُلب أکِس موڑِتھ تارس سٍتۍ جوٗڑِتھ۔
1697,یِم پردٕ چھِ موسمِ بہارس منز نسل پَٲدٕ کران۔
1698,ڈرایور گوو اچانک دٔچھنہِ کُن مقابلہٕ۔
1699,سُہ چھُ أکِس قمیٖضس تل بنیان لاگان۔
1700,معائنےٕ کرن وول اوس واریاہ اصل۔
1701,تٔمۍ سُنٛد پَلو اوس اکھ واضح رنگ۔
1702,یہِ مسئلہٕ حل کرنہٕ خٕٲطرٕ چھُ اکھ فارمولہ۔
1703,سُہ چھُ مضبوط ساختُک تٕہ زیٖٹھ مَس سٍتۍ۔
1704,تمہِ تھٔٲِو لاش چٹنس پیٹھ۔
1705,بہٕ چھُس تومُل کھیوان۔
1706,تٔمۍ سُنٛد مقصد اوس تۄہہِ تکلیف دِن۔
1707,نارن کوٚر مہر تباہ۔
1708,یوٗنیورسٹی منٛز آیہِ اکھ کانفرنس مُنعقد کرنہٕ۔
1709,تٔمۍ کٔر رُکاوٹن درمیان پنٕنۍ کٲم جُٲری۔
1710,سُہ چھُ اکھ بدصورت نفر۔
1711,یِہ چھُ واضح زِ سُہ چھُ أمِس سٍتۍ نفرت کران۔
1712,پننٛآن عزیزن ہارنہٕ پتہٕ گوٚو تٔمۍ پننِس دِلس منٛز اکھ خلا محسوٗس۔
1713,سُہ ووت میچس منز فاینلس تام۔
1714,کمپنی ہُند ٹرن اوور اوس 38 لُکھ۔
1715,بہٕ چھُس تۄہہِ کھۄتہٕ تھوٚد۔
1716,بہٕ چھُس یژھان یہِ کٲم کرنہٕ۔
1717,أمۍ سٕندۍ مٔٲلۍ ماجہِ دیُت أمِس گِندنُک اجازت۔
1718,تٔمۍ رٔٲِوۍ پنُن سٔٲری نقد رقم ڈائس کھیلس منز۔
1719,میٖٲنۍ دوست چھِ واریاہ غأر مند۔
1720,سۄ ٲس پنٕنۍ تمام ضروٗرتہٕ پوٗرٕ کران۔
1721,سُہ چھُ اکھ مشہور ٹرمپیٹ کھُلٔٲڑۍ۔
1722,مےٚ چھِ ساز موسیقی کھوتہٕ آوازٕچ موسیقی بہتر پسند۔
1723,87 وُہر چھےٚ سۄ وُنہِ تہِ جوش تہٕ طاقتہٕ سۭتہِ پوٗرٕ۔
1724,یِہ قلم چھُ أمِہ سُند۔
1725,یِہ وضاحت چھُ وآریاہن سوالن منز مطلوب۔
1726,تِم ٲسۍ ہتھیارو سٍتۍ بھٔرِتھ۔
1727,بہٕ ہاکہِ پنُن خیال تھٔوِتھ۔
1728,سُہ چھُ اکھ رضاکار۔
1729,ویزلس چھُ اکھ زیٖٹھ پتلی جِسم آسان یَتھ منٛز لۄکٹُن زنگُن آسان چھُ۔
1730,سُہ اوس شرٲبی۔
